"NPV_CAPEX","NPV_FOM","NPV_VOM","Cost_Type"
28603848417.458,19110376215.7056,1089932355.10889,"Lower"
67793373481.823,75488494488.6618,1133067844.28304,"Upper"
