"NPV_CH4_Lower","NPV_CH4_Upper"
904873553.057648,7156672766.81332
