"NPV_CAPEX","NPV_FOM","NPV_VOM","Cost_Type"
29405680537.0848,22107277508.9182,1276764769.01897,"Lower"
69693778754.6466,87326647971.4708,1326283148.41429,"Upper"
