"NPV_CAPEX","NPV_FOM","NPV_VOM","Cost_Type"
29000668914.733,20537698773.0559,1178746605.60627,"Lower"
68733869312.4675,81126605941.1999,1224928021.75252,"Upper"
