"NPV_CH4_Lower","NPV_CH4_Upper"
1193140925.35187,9434831240.60112
