mean_tax_rev,min_tax_rev,max_tax_rev
0.547043026059614,0.42225644610261,0.695698976088233
