"NPV_CH4_Lower","NPV_CH4_Upper"
215977199.238042,458951548.380839
