Simulation,Pathway,NPV
1,B2,683800339.318769
1,B3,599439180.788214
1,C1,567198095.894527
