Pathway,mean_NPV,sd_NPV,mean_mortality,sd_mortality
A,824388628.963051,5468727.66214051,72.4816430206474,0.480819788457047
B1,737098064.293619,4125848.27958408,64.8069088902181,0.36275156115911
B2,736650590.815127,4140580.32053248,64.76756626492,0.364046827124061
B3,737096609.761157,4077062.44706796,64.8067810052631,0.358462228224783
C1,734272629.529131,4137670.76226878,64.5584918854429,0.363791013838908
C2,737376375.685925,4371245.96227657,64.8313784986976,0.384327340603549
C3,737557335.802244,4314956.30179412,64.8472888182862,0.379378258418886
D,1008554798.51489,3344666.39408844,88.6738442337167,0.294068728124511
