Pathway,mean_NPV,max_NPV,min_NPV,mean_mortality,max_mortality,min_mortality
A,524235494.781529,528072306.01273,521913094.140997,46.0916716419317,46.4290105767825,45.8874822484054
B1,210997270.31848,215874645.814915,207446381.489505,18.5512369873318,18.9800640928863,18.2390368338295
B2,234981283.805708,239203559.205153,231596322.776104,20.659952031073,21.0311816277529,20.3623405304206
B3,212551246.952456,217381170.84116,208962719.69566,18.6878652421247,19.1125203220452,18.3723558543689
C1,231900338.183603,234800324.679778,229358000.980369,20.3890700794038,20.6440417985612,20.1655434911797
C2,230593712.110239,234968440.175881,227417197.805038,20.2741893043861,20.6588227974088,19.9949047924089
C3,204310345.262136,209143008.104209,200904199.385957,17.9633112229391,18.3882071162738,17.6638371147336
D,543232421.35219,548000598.017056,539596111.020943,47.7619135664425,48.1811397259747,47.442203009938
