Pathway,mean_NPV,max_NPV,min_NPV,mean_mortality,max_mortality,min_mortality
A,804995755.013616,810761636.946848,802213027.495771,70.7765887327014,71.2835348274205,70.5319266213063
B1,267965295.883243,274614768.596742,263237010.629121,23.5599621777435,24.1445950687886,23.1442433385353
B2,304177666.62376,310022674.048563,299591804.271756,26.7438150800416,27.2577180218501,26.3406183033491
B3,268597759.496077,275148547.814494,263836985.976863,23.6155694486331,24.191525840701,23.1969941861918
C1,277351460.587599,281104223.726898,274166800.1255,24.3852096587646,24.7151589431765,24.1052089228906
C2,291814017.908281,297825330.028819,287540720.957694,25.6567821672329,26.1853068992572,25.2810666694545
C3,254939332.997016,261425677.833927,250427632.264277,22.4146974824902,22.9849878946338,22.0180211208357
D,871781152.69531,878896554.408575,866462615.92362,76.6484738893967,77.2740720463946,76.1808591381321
