"Pathway","NPV","Technology"
"B2",214159400.736842,"Coal"
"B2",12349071086.2451,"Gas"
"B2",1230124276.61316,"Gas"
"B2",418532246.180867,"Wood"
"B3",211626513.97818,"Coal"
"B3",10544162479.2024,"Gas"
"B3",1159852205.0329,"Gas"
"B3",401809516.877777,"Wood"
"C1",222440323.135285,"Coal"
"C1",11507786299.3769,"Gas"
"C1",1397592056.83392,"Gas"
"C1",349340948.822126,"Wood"
