"Pathway","NPV_max","NPV_mean","NPV_min"
"A",3848134834.36488,3721539475.66235,3623580434.27525
"B1",1485875982.5509,1445806564.55713,1420518295.3654
"B2",1556075371.99081,1511550475.80039,1483759447.4547
"B3",1489366189.73657,1450278864.00323,1425387105.88794
"C1",1561234213.988,1520926830.89568,1497870220.31089
"C2",1543792964.95122,1501637562.83249,1474081325.68269
"C3",1470108901.61447,1432240814.57861,1407861088.76458
"D",61734867284.9125,61635403571.3782,61565761544.1318
