"Pathway","NPV_max","NPV_mean","NPV_min"
"A",3271050761.85754,3165745481.82727,2124038777.52189
"B1",3224371288.97634,3163186204.10841,3086761501.87871
"B2",3559249022.92011,3491631019.18988,3428325477.55774
"B3",3326287590.77883,3167005077.27934,3077197123.61646
"C1",3514941749.68256,3457676990.22106,3377651480.27023
"C2",3566870764.53235,3436908551.31186,3370042559.01159
"C3",3201848332.57143,3035200547.63232,2928248883.74891
"D",61586563538.1023,61489282933.9257,61394578084.1719
