"Simulation","Pathway","NPV"
"1","B2",335110797.475182
"1","B3",136128489.775856
"1","C1",240486466.626823
