Unit,Load,Ramp,CO2,HI,NOx,SO2,Capacity,Fleet_MD5
10176_A,1,1,0.708550336659366,11.7577570806623,1.35667234525838,0.00752655412668095,69,f9a0423a1d3b0d2395df93743563d971
10176_A,1,2,0.708550336659366,11.7577570806623,1.35667234525838,0.00752655412668095,69,f9a0423a1d3b0d2395df93743563d971
10176_A,1,3,0.708550336659366,11.7577570806623,1.35667234525838,0.00752655412668095,69,f9a0423a1d3b0d2395df93743563d971
10176_A,1,4,0.708550336659366,11.7577570806623,1.35667234525838,0.00752655412668095,69,f9a0423a1d3b0d2395df93743563d971
10176_A,2,1,0.708550336659366,11.7577570806623,1.35667234525838,0.00752655412668095,69,f9a0423a1d3b0d2395df93743563d971
10176_A,2,2,0.708550336659366,11.7577570806623,1.35667234525838,0.00752655412668095,69,f9a0423a1d3b0d2395df93743563d971
10176_A,2,3,0.708550336659366,11.7577570806623,1.35667234525838,0.00752655412668095,69,f9a0423a1d3b0d2395df93743563d971
10176_A,2,4,0.708550336659366,11.7577570806623,1.35667234525838,0.00752655412668095,69,f9a0423a1d3b0d2395df93743563d971
10176_A,3,1,0.708550336659366,11.7577570806623,1.35667234525838,0.00752655412668095,69,f9a0423a1d3b0d2395df93743563d971
10176_A,3,2,0.708550336659366,11.7577570806623,1.35667234525838,0.00752655412668095,69,f9a0423a1d3b0d2395df93743563d971
10176_A,3,3,0.708550336659366,11.7577570806623,1.35667234525838,0.00752655412668095,69,f9a0423a1d3b0d2395df93743563d971
10176_A,3,4,0.708550336659366,11.7577570806623,1.35667234525838,0.00752655412668095,69,f9a0423a1d3b0d2395df93743563d971
10176_A,4,1,0.708550336659366,11.7577570806623,1.35667234525838,0.00752655412668095,69,f9a0423a1d3b0d2395df93743563d971
10176_A,4,2,0.708550336659366,11.7577570806623,1.35667234525838,0.00752655412668095,69,f9a0423a1d3b0d2395df93743563d971
10176_A,4,3,0.708550336659366,11.7577570806623,1.35667234525838,0.00752655412668095,69,f9a0423a1d3b0d2395df93743563d971
10176_A,4,4,0.708550336659366,11.7577570806623,1.35667234525838,0.00752655412668095,69,f9a0423a1d3b0d2395df93743563d971
10176_A,5,1,0.708550336659366,11.7577570806623,1.35667234525838,0.00752655412668095,69,f9a0423a1d3b0d2395df93743563d971
10176_A,5,2,0.708550336659366,11.7577570806623,1.35667234525838,0.00752655412668095,69,f9a0423a1d3b0d2395df93743563d971
10176_A,5,3,0.708550336659366,11.7577570806623,1.35667234525838,0.00752655412668095,69,f9a0423a1d3b0d2395df93743563d971
10176_A,5,4,0.708550336659366,11.7577570806623,1.35667234525838,0.00752655412668095,69,f9a0423a1d3b0d2395df93743563d971
10176_B,1,1,0.722762876809874,11.7577570806623,1.40929266555898,0.00752655412668095,69,f9a0423a1d3b0d2395df93743563d971
10176_B,1,2,0.722762876809874,11.7577570806623,1.40929266555898,0.00752655412668095,69,f9a0423a1d3b0d2395df93743563d971
10176_B,1,3,0.722762876809874,11.7577570806623,1.40929266555898,0.00752655412668095,69,f9a0423a1d3b0d2395df93743563d971
10176_B,1,4,0.722762876809874,11.7577570806623,1.40929266555898,0.00752655412668095,69,f9a0423a1d3b0d2395df93743563d971
10176_B,2,1,0.722762876809874,11.7577570806623,1.40929266555898,0.00752655412668095,69,f9a0423a1d3b0d2395df93743563d971
10176_B,2,2,0.722762876809874,11.7577570806623,1.40929266555898,0.00752655412668095,69,f9a0423a1d3b0d2395df93743563d971
10176_B,2,3,0.722762876809874,11.7577570806623,1.40929266555898,0.00752655412668095,69,f9a0423a1d3b0d2395df93743563d971
10176_B,2,4,0.722762876809874,11.7577570806623,1.40929266555898,0.00752655412668095,69,f9a0423a1d3b0d2395df93743563d971
10176_B,3,1,0.722762876809874,11.7577570806623,1.40929266555898,0.00752655412668095,69,f9a0423a1d3b0d2395df93743563d971
10176_B,3,2,0.722762876809874,11.7577570806623,1.40929266555898,0.00752655412668095,69,f9a0423a1d3b0d2395df93743563d971
10176_B,3,3,0.722762876809874,11.7577570806623,1.40929266555898,0.00752655412668095,69,f9a0423a1d3b0d2395df93743563d971
10176_B,3,4,0.722762876809874,11.7577570806623,1.40929266555898,0.00752655412668095,69,f9a0423a1d3b0d2395df93743563d971
10176_B,4,1,0.722762876809874,11.7577570806623,1.40929266555898,0.00752655412668095,69,f9a0423a1d3b0d2395df93743563d971
10176_B,4,2,0.722762876809874,11.7577570806623,1.40929266555898,0.00752655412668095,69,f9a0423a1d3b0d2395df93743563d971
10176_B,4,3,0.722762876809874,11.7577570806623,1.40929266555898,0.00752655412668095,69,f9a0423a1d3b0d2395df93743563d971
10176_B,4,4,0.722762876809874,11.7577570806623,1.40929266555898,0.00752655412668095,69,f9a0423a1d3b0d2395df93743563d971
10176_B,5,1,0.722762876809874,11.7577570806623,1.40929266555898,0.00752655412668095,69,f9a0423a1d3b0d2395df93743563d971
10176_B,5,2,0.722762876809874,11.7577570806623,1.40929266555898,0.00752655412668095,69,f9a0423a1d3b0d2395df93743563d971
10176_B,5,3,0.722762876809874,11.7577570806623,1.40929266555898,0.00752655412668095,69,f9a0423a1d3b0d2395df93743563d971
10176_B,5,4,0.722762876809874,11.7577570806623,1.40929266555898,0.00752655412668095,69,f9a0423a1d3b0d2395df93743563d971
10307_1,1,1,0.673512517118881,11.2342913849679,0.874284693373681,0.00815977354930021,257.4,f9a0423a1d3b0d2395df93743563d971
10307_1,1,2,0.673512517118881,11.2342913849679,0.874284693373681,0.00815977354930021,257.4,f9a0423a1d3b0d2395df93743563d971
10307_1,1,3,0.673512517118881,11.2342913849679,0.874284693373681,0.00815977354930021,257.4,f9a0423a1d3b0d2395df93743563d971
10307_1,1,4,0.673512517118881,11.2342913849679,0.874284693373681,0.00815977354930021,257.4,f9a0423a1d3b0d2395df93743563d971
10307_1,2,1,0.673512517118881,11.2342913849679,0.874284693373681,0.00697462831058235,257.4,f9a0423a1d3b0d2395df93743563d971
10307_1,2,2,0.673512517118881,11.2342913849679,0.874284693373681,0.00697365524135436,257.4,f9a0423a1d3b0d2395df93743563d971
10307_1,2,3,0.673512517118881,11.2342913849679,0.874284693373681,0.00693566875833786,257.4,f9a0423a1d3b0d2395df93743563d971
10307_1,2,4,0.673512517118881,11.2342913849679,0.874284693373681,0.00697462831058235,257.4,f9a0423a1d3b0d2395df93743563d971
10307_1,3,1,0.673512517118881,11.2342913849679,0.874284693373681,0.0069802012559269,257.4,f9a0423a1d3b0d2395df93743563d971
10307_1,3,2,0.673512517118881,11.2342913849679,0.874284693373681,0.0069802012559269,257.4,f9a0423a1d3b0d2395df93743563d971
10307_1,3,3,0.673512517118881,11.2342913849679,0.874284693373681,0.0069802012559269,257.4,f9a0423a1d3b0d2395df93743563d971
10307_1,3,4,0.673512517118881,11.2342913849679,0.874284693373681,0.0069802012559269,257.4,f9a0423a1d3b0d2395df93743563d971
10307_1,4,1,0.673512517118881,11.2342913849679,0.874284693373681,0.0069802012559269,257.4,f9a0423a1d3b0d2395df93743563d971
10307_1,4,2,0.673512517118881,11.2342913849679,0.874284693373681,0.0069802012559269,257.4,f9a0423a1d3b0d2395df93743563d971
10307_1,4,3,0.673512517118881,11.2342913849679,0.874284693373681,0.0069802012559269,257.4,f9a0423a1d3b0d2395df93743563d971
10307_1,4,4,0.673512517118881,11.2342913849679,0.874284693373681,0.0069802012559269,257.4,f9a0423a1d3b0d2395df93743563d971
10307_1,5,1,0.673512517118881,11.2342913849679,0.874284693373681,0.0069802012559269,257.4,f9a0423a1d3b0d2395df93743563d971
10307_1,5,2,0.673512517118881,11.2342913849679,0.874284693373681,0.0069802012559269,257.4,f9a0423a1d3b0d2395df93743563d971
10307_1,5,3,0.673512517118881,11.2342913849679,0.874284693373681,0.0069802012559269,257.4,f9a0423a1d3b0d2395df93743563d971
10307_1,5,4,0.673512517118881,11.2342913849679,0.874284693373681,0.0069802012559269,257.4,f9a0423a1d3b0d2395df93743563d971
10307_2,1,1,0.870871177878224,14.6957521892563,4.7540861325317,0.00887915448019144,257.4,f9a0423a1d3b0d2395df93743563d971
10307_2,1,2,0.870871177878224,14.6957521892563,4.7540861325317,0.00887915448019144,257.4,f9a0423a1d3b0d2395df93743563d971
10307_2,1,3,0.870871177878224,14.6957521892563,4.7540861325317,0.00887915448019144,257.4,f9a0423a1d3b0d2395df93743563d971
10307_2,1,4,0.870871177878224,14.6957521892563,4.7540861325317,0.00887915448019144,257.4,f9a0423a1d3b0d2395df93743563d971
10307_2,2,1,0.677398637522174,11.2964058817617,0.890059091639547,0.00701260449400519,257.4,f9a0423a1d3b0d2395df93743563d971
10307_2,2,2,0.676357004534244,11.2964058817617,0.872541664302841,0.00698962807163491,257.4,f9a0423a1d3b0d2395df93743563d971
10307_2,2,3,0.707230836099257,11.2964058817617,1.06289890460977,0.00777619724988146,257.4,f9a0423a1d3b0d2395df93743563d971
10307_2,2,4,0.677398637522174,11.2964058817617,0.890059091639547,0.00701260449400519,257.4,f9a0423a1d3b0d2395df93743563d971
10307_2,3,1,0.67832916568358,11.3129522779295,0.908894241740264,0.00702158187820462,257.4,f9a0423a1d3b0d2395df93743563d971
10307_2,3,2,0.67832916568358,11.3129522779295,0.908894241740264,0.00702158187820462,257.4,f9a0423a1d3b0d2395df93743563d971
10307_2,3,3,0.67832916568358,11.3129522779295,0.908894241740264,0.00702158187820462,257.4,f9a0423a1d3b0d2395df93743563d971
10307_2,3,4,0.67832916568358,11.3129522779295,0.908894241740264,0.00702158187820462,257.4,f9a0423a1d3b0d2395df93743563d971
10307_2,4,1,0.67832916568358,11.3129522779295,0.908894241740264,0.00702158187820462,257.4,f9a0423a1d3b0d2395df93743563d971
10307_2,4,2,0.67832916568358,11.3129522779295,0.908894241740264,0.00702158187820462,257.4,f9a0423a1d3b0d2395df93743563d971
10307_2,4,3,0.67832916568358,11.3129522779295,0.908894241740264,0.00702158187820462,257.4,f9a0423a1d3b0d2395df93743563d971
10307_2,4,4,0.67832916568358,11.3129522779295,0.908894241740264,0.00702158187820462,257.4,f9a0423a1d3b0d2395df93743563d971
10307_2,5,1,0.67832916568358,11.3129522779295,0.908894241740264,0.00702158187820462,257.4,f9a0423a1d3b0d2395df93743563d971
10307_2,5,2,0.67832916568358,11.3129522779295,0.908894241740264,0.00702158187820462,257.4,f9a0423a1d3b0d2395df93743563d971
10307_2,5,3,0.67832916568358,11.3129522779295,0.908894241740264,0.00702158187820462,257.4,f9a0423a1d3b0d2395df93743563d971
10307_2,5,4,0.67832916568358,11.3129522779295,0.908894241740264,0.00702158187820462,257.4,f9a0423a1d3b0d2395df93743563d971
1507_4,1,1,0.866392929392331,9.85299126779309,1.73927148147544,6.41371849182776,649.1,f9a0423a1d3b0d2395df93743563d971
1507_4,1,2,0.866392929392331,9.85299126779309,1.73927148147544,6.41371849182776,649.1,f9a0423a1d3b0d2395df93743563d971
1507_4,1,3,0.866392929392331,9.85299126779309,1.73927148147544,6.41371849182776,649.1,f9a0423a1d3b0d2395df93743563d971
1507_4,1,4,0.866392929392331,9.85299126779309,1.73927148147544,6.41371849182776,649.1,f9a0423a1d3b0d2395df93743563d971
1507_4,2,1,0.866392929392331,9.85299126779309,1.73927148147544,6.41371849182776,649.1,f9a0423a1d3b0d2395df93743563d971
1507_4,2,2,0.866392929392331,9.85299126779309,1.73927148147544,6.41371849182776,649.1,f9a0423a1d3b0d2395df93743563d971
1507_4,2,3,0.866392929392331,9.85299126779309,1.73927148147544,6.41371849182776,649.1,f9a0423a1d3b0d2395df93743563d971
1507_4,2,4,0.866392929392331,9.85299126779309,1.73927148147544,6.41371849182776,649.1,f9a0423a1d3b0d2395df93743563d971
1507_4,3,1,0.866392929392331,9.85299126779309,1.73927148147544,6.41371849182776,649.1,f9a0423a1d3b0d2395df93743563d971
1507_4,3,2,0.866392929392331,9.85299126779309,1.73927148147544,6.41371849182776,649.1,f9a0423a1d3b0d2395df93743563d971
1507_4,3,3,0.866392929392331,9.85299126779309,1.73927148147544,6.41371849182776,649.1,f9a0423a1d3b0d2395df93743563d971
1507_4,3,4,0.866392929392331,9.85299126779309,1.73927148147544,6.41371849182776,649.1,f9a0423a1d3b0d2395df93743563d971
1507_4,4,1,0.866392929392331,9.85299126779309,1.73927148147544,6.41371849182776,649.1,f9a0423a1d3b0d2395df93743563d971
1507_4,4,2,0.866392929392331,9.85299126779309,1.73927148147544,6.41371849182776,649.1,f9a0423a1d3b0d2395df93743563d971
1507_4,4,3,0.866392929392331,9.85299126779309,1.73927148147544,6.41371849182776,649.1,f9a0423a1d3b0d2395df93743563d971
1507_4,4,4,0.866392929392331,9.85299126779309,1.73927148147544,6.41371849182776,649.1,f9a0423a1d3b0d2395df93743563d971
1507_4,5,1,0.866392929392331,9.85299126779309,1.73927148147544,6.41371849182776,649.1,f9a0423a1d3b0d2395df93743563d971
1507_4,5,2,0.866392929392331,9.85299126779309,1.73927148147544,6.41371849182776,649.1,f9a0423a1d3b0d2395df93743563d971
1507_4,5,3,0.866392929392331,9.85299126779309,1.73927148147544,6.41371849182776,649.1,f9a0423a1d3b0d2395df93743563d971
1507_4,5,4,0.866392929392331,9.85299126779309,1.73927148147544,6.41371849182776,649.1,f9a0423a1d3b0d2395df93743563d971
1592_J1T1,1,1,1.69481119958901,9.62259253041186,11.2294631389674,0.00577486926598213,45,f9a0423a1d3b0d2395df93743563d971
1592_J1T1,1,2,1.69481119958901,9.62259253041186,11.2294631389674,0.00577486926598213,45,f9a0423a1d3b0d2395df93743563d971
1592_J1T1,1,3,1.69481119958901,9.62259253041186,11.2294631389674,0.00577486926598213,45,f9a0423a1d3b0d2395df93743563d971
1592_J1T1,1,4,1.69481119958901,9.62259253041186,11.2294631389674,0.00577486926598213,45,f9a0423a1d3b0d2395df93743563d971
1592_J1T1,2,1,1.69481119958901,9.62259253041186,11.2294631389674,0.00577486926598213,45,f9a0423a1d3b0d2395df93743563d971
1592_J1T1,2,2,1.69481119958901,9.62259253041186,11.2294631389674,0.00577486926598213,45,f9a0423a1d3b0d2395df93743563d971
1592_J1T1,2,3,1.69481119958901,9.62259253041186,11.2294631389674,0.00577486926598213,45,f9a0423a1d3b0d2395df93743563d971
1592_J1T1,2,4,1.69481119958901,9.62259253041186,11.2294631389674,0.00577486926598213,45,f9a0423a1d3b0d2395df93743563d971
1592_J1T1,3,1,1.69481119958901,9.62259253041186,11.2294631389674,0.00577486926598213,45,f9a0423a1d3b0d2395df93743563d971
1592_J1T1,3,2,1.69481119958901,9.62259253041186,11.2294631389674,0.00577486926598213,45,f9a0423a1d3b0d2395df93743563d971
1592_J1T1,3,3,1.69481119958901,9.62259253041186,11.2294631389674,0.00577486926598213,45,f9a0423a1d3b0d2395df93743563d971
1592_J1T1,3,4,1.69481119958901,9.62259253041186,11.2294631389674,0.00577486926598213,45,f9a0423a1d3b0d2395df93743563d971
1592_J1T1,4,1,1.69481119958901,9.62259253041186,11.2294631389674,0.00577486926598213,45,f9a0423a1d3b0d2395df93743563d971
1592_J1T1,4,2,1.69481119958901,9.62259253041186,11.2294631389674,0.00577486926598213,45,f9a0423a1d3b0d2395df93743563d971
1592_J1T1,4,3,1.69481119958901,9.62259253041186,11.2294631389674,0.00577486926598213,45,f9a0423a1d3b0d2395df93743563d971
1592_J1T1,4,4,1.69481119958901,9.62259253041186,11.2294631389674,0.00577486926598213,45,f9a0423a1d3b0d2395df93743563d971
1592_J1T1,5,1,1.69481119958901,9.62259253041186,11.2294631389674,0.00577486926598213,45,f9a0423a1d3b0d2395df93743563d971
1592_J1T1,5,2,1.69481119958901,9.62259253041186,11.2294631389674,0.00577486926598213,45,f9a0423a1d3b0d2395df93743563d971
1592_J1T1,5,3,1.69481119958901,9.62259253041186,11.2294631389674,0.00577486926598213,45,f9a0423a1d3b0d2395df93743563d971
1592_J1T1,5,4,1.69481119958901,9.62259253041186,11.2294631389674,0.00577486926598213,45,f9a0423a1d3b0d2395df93743563d971
1592_J1T2,1,1,1.55494190020506,9.62259253041186,10.7232399179768,0.00577486926598213,45,f9a0423a1d3b0d2395df93743563d971
1592_J1T2,1,2,1.55494190020506,9.62259253041186,10.7232399179768,0.00577486926598213,45,f9a0423a1d3b0d2395df93743563d971
1592_J1T2,1,3,1.55494190020506,9.62259253041186,10.7232399179768,0.00577486926598213,45,f9a0423a1d3b0d2395df93743563d971
1592_J1T2,1,4,1.55494190020506,9.62259253041186,10.7232399179768,0.00577486926598213,45,f9a0423a1d3b0d2395df93743563d971
1592_J1T2,2,1,1.55494190020506,9.62259253041186,10.7232399179768,0.00577486926598213,45,f9a0423a1d3b0d2395df93743563d971
1592_J1T2,2,2,1.55494190020506,9.62259253041186,10.7232399179768,0.00577486926598213,45,f9a0423a1d3b0d2395df93743563d971
1592_J1T2,2,3,1.55494190020506,9.62259253041186,10.7232399179768,0.00577486926598213,45,f9a0423a1d3b0d2395df93743563d971
1592_J1T2,2,4,1.55494190020506,9.62259253041186,10.7232399179768,0.00577486926598213,45,f9a0423a1d3b0d2395df93743563d971
1592_J1T2,3,1,1.55494190020506,9.62259253041186,10.7232399179768,0.00577486926598213,45,f9a0423a1d3b0d2395df93743563d971
1592_J1T2,3,2,1.55494190020506,9.62259253041186,10.7232399179768,0.00577486926598213,45,f9a0423a1d3b0d2395df93743563d971
1592_J1T2,3,3,1.55494190020506,9.62259253041186,10.7232399179768,0.00577486926598213,45,f9a0423a1d3b0d2395df93743563d971
1592_J1T2,3,4,1.55494190020506,9.62259253041186,10.7232399179768,0.00577486926598213,45,f9a0423a1d3b0d2395df93743563d971
1592_J1T2,4,1,1.55494190020506,9.62259253041186,10.7232399179768,0.00577486926598213,45,f9a0423a1d3b0d2395df93743563d971
1592_J1T2,4,2,1.55494190020506,9.62259253041186,10.7232399179768,0.00577486926598213,45,f9a0423a1d3b0d2395df93743563d971
1592_J1T2,4,3,1.55494190020506,9.62259253041186,10.7232399179768,0.00577486926598213,45,f9a0423a1d3b0d2395df93743563d971
1592_J1T2,4,4,1.55494190020506,9.62259253041186,10.7232399179768,0.00577486926598213,45,f9a0423a1d3b0d2395df93743563d971
1592_J1T2,5,1,1.55494190020506,9.62259253041186,10.7232399179768,0.00577486926598213,45,f9a0423a1d3b0d2395df93743563d971
1592_J1T2,5,2,1.55494190020506,9.62259253041186,10.7232399179768,0.00577486926598213,45,f9a0423a1d3b0d2395df93743563d971
1592_J1T2,5,3,1.55494190020506,9.62259253041186,10.7232399179768,0.00577486926598213,45,f9a0423a1d3b0d2395df93743563d971
1592_J1T2,5,4,1.55494190020506,9.62259253041186,10.7232399179768,0.00577486926598213,45,f9a0423a1d3b0d2395df93743563d971
1592_J2T1,1,1,1.59663887786159,9.62259253041186,9.44243747518857,0.00577486926598213,45,f9a0423a1d3b0d2395df93743563d971
1592_J2T1,1,2,1.59663887786159,9.62259253041186,9.44243747518857,0.00577486926598213,45,f9a0423a1d3b0d2395df93743563d971
1592_J2T1,1,3,1.59663887786159,9.62259253041186,9.44243747518857,0.00577486926598213,45,f9a0423a1d3b0d2395df93743563d971
1592_J2T1,1,4,1.59663887786159,9.62259253041186,9.44243747518857,0.00577486926598213,45,f9a0423a1d3b0d2395df93743563d971
1592_J2T1,2,1,1.59663887786159,9.62259253041186,9.44243747518857,0.00577486926598213,45,f9a0423a1d3b0d2395df93743563d971
1592_J2T1,2,2,1.59663887786159,9.62259253041186,9.44243747518857,0.00577486926598213,45,f9a0423a1d3b0d2395df93743563d971
1592_J2T1,2,3,1.59663887786159,9.62259253041186,9.44243747518857,0.00577486926598213,45,f9a0423a1d3b0d2395df93743563d971
1592_J2T1,2,4,1.59663887786159,9.62259253041186,9.44243747518857,0.00577486926598213,45,f9a0423a1d3b0d2395df93743563d971
1592_J2T1,3,1,1.59663887786159,9.62259253041186,9.44243747518857,0.00577486926598213,45,f9a0423a1d3b0d2395df93743563d971
1592_J2T1,3,2,1.59663887786159,9.62259253041186,9.44243747518857,0.00577486926598213,45,f9a0423a1d3b0d2395df93743563d971
1592_J2T1,3,3,1.59663887786159,9.62259253041186,9.44243747518857,0.00577486926598213,45,f9a0423a1d3b0d2395df93743563d971
1592_J2T1,3,4,1.59663887786159,9.62259253041186,9.44243747518857,0.00577486926598213,45,f9a0423a1d3b0d2395df93743563d971
1592_J2T1,4,1,1.59663887786159,9.62259253041186,9.44243747518857,0.00577486926598213,45,f9a0423a1d3b0d2395df93743563d971
1592_J2T1,4,2,1.59663887786159,9.62259253041186,9.44243747518857,0.00577486926598213,45,f9a0423a1d3b0d2395df93743563d971
1592_J2T1,4,3,1.59663887786159,9.62259253041186,9.44243747518857,0.00577486926598213,45,f9a0423a1d3b0d2395df93743563d971
1592_J2T1,4,4,1.59663887786159,9.62259253041186,9.44243747518857,0.00577486926598213,45,f9a0423a1d3b0d2395df93743563d971
1592_J2T1,5,1,1.59663887786159,9.62259253041186,9.44243747518857,0.00577486926598213,45,f9a0423a1d3b0d2395df93743563d971
1592_J2T1,5,2,1.59663887786159,9.62259253041186,9.44243747518857,0.00577486926598213,45,f9a0423a1d3b0d2395df93743563d971
1592_J2T1,5,3,1.59663887786159,9.62259253041186,9.44243747518857,0.00577486926598213,45,f9a0423a1d3b0d2395df93743563d971
1592_J2T1,5,4,1.59663887786159,9.62259253041186,9.44243747518857,0.00577486926598213,45,f9a0423a1d3b0d2395df93743563d971
1592_J2T2,1,1,1.628921492118,9.62259253041186,10.3716716091775,0.00577486926598213,45,f9a0423a1d3b0d2395df93743563d971
1592_J2T2,1,2,1.628921492118,9.62259253041186,10.3716716091775,0.00577486926598213,45,f9a0423a1d3b0d2395df93743563d971
1592_J2T2,1,3,1.628921492118,9.62259253041186,10.3716716091775,0.00577486926598213,45,f9a0423a1d3b0d2395df93743563d971
1592_J2T2,1,4,1.628921492118,9.62259253041186,10.3716716091775,0.00577486926598213,45,f9a0423a1d3b0d2395df93743563d971
1592_J2T2,2,1,1.628921492118,9.62259253041186,10.3716716091775,0.00577486926598213,45,f9a0423a1d3b0d2395df93743563d971
1592_J2T2,2,2,1.628921492118,9.62259253041186,10.3716716091775,0.00577486926598213,45,f9a0423a1d3b0d2395df93743563d971
1592_J2T2,2,3,1.628921492118,9.62259253041186,10.3716716091775,0.00577486926598213,45,f9a0423a1d3b0d2395df93743563d971
1592_J2T2,2,4,1.628921492118,9.62259253041186,10.3716716091775,0.00577486926598213,45,f9a0423a1d3b0d2395df93743563d971
1592_J2T2,3,1,1.628921492118,9.62259253041186,10.3716716091775,0.00577486926598213,45,f9a0423a1d3b0d2395df93743563d971
1592_J2T2,3,2,1.628921492118,9.62259253041186,10.3716716091775,0.00577486926598213,45,f9a0423a1d3b0d2395df93743563d971
1592_J2T2,3,3,1.628921492118,9.62259253041186,10.3716716091775,0.00577486926598213,45,f9a0423a1d3b0d2395df93743563d971
1592_J2T2,3,4,1.628921492118,9.62259253041186,10.3716716091775,0.00577486926598213,45,f9a0423a1d3b0d2395df93743563d971
1592_J2T2,4,1,1.628921492118,9.62259253041186,10.3716716091775,0.00577486926598213,45,f9a0423a1d3b0d2395df93743563d971
1592_J2T2,4,2,1.628921492118,9.62259253041186,10.3716716091775,0.00577486926598213,45,f9a0423a1d3b0d2395df93743563d971
1592_J2T2,4,3,1.628921492118,9.62259253041186,10.3716716091775,0.00577486926598213,45,f9a0423a1d3b0d2395df93743563d971
1592_J2T2,4,4,1.628921492118,9.62259253041186,10.3716716091775,0.00577486926598213,45,f9a0423a1d3b0d2395df93743563d971
1592_J2T2,5,1,1.628921492118,9.62259253041186,10.3716716091775,0.00577486926598213,45,f9a0423a1d3b0d2395df93743563d971
1592_J2T2,5,2,1.628921492118,9.62259253041186,10.3716716091775,0.00577486926598213,45,f9a0423a1d3b0d2395df93743563d971
1592_J2T2,5,3,1.628921492118,9.62259253041186,10.3716716091775,0.00577486926598213,45,f9a0423a1d3b0d2395df93743563d971
1592_J2T2,5,4,1.628921492118,9.62259253041186,10.3716716091775,0.00577486926598213,45,f9a0423a1d3b0d2395df93743563d971
1592_J3T1,1,1,1.57376559117617,9.62259253041186,10.5450262859499,0.00577486926598213,45,f9a0423a1d3b0d2395df93743563d971
1592_J3T1,1,2,1.57376559117617,9.62259253041186,10.5450262859499,0.00577486926598213,45,f9a0423a1d3b0d2395df93743563d971
1592_J3T1,1,3,1.57376559117617,9.62259253041186,10.5450262859499,0.00577486926598213,45,f9a0423a1d3b0d2395df93743563d971
1592_J3T1,1,4,1.57376559117617,9.62259253041186,10.5450262859499,0.00577486926598213,45,f9a0423a1d3b0d2395df93743563d971
1592_J3T1,2,1,1.57376559117617,9.62259253041186,10.5450262859499,0.00577486926598213,45,f9a0423a1d3b0d2395df93743563d971
1592_J3T1,2,2,1.57376559117617,9.62259253041186,10.5450262859499,0.00577486926598213,45,f9a0423a1d3b0d2395df93743563d971
1592_J3T1,2,3,1.57376559117617,9.62259253041186,10.5450262859499,0.00577486926598213,45,f9a0423a1d3b0d2395df93743563d971
1592_J3T1,2,4,1.57376559117617,9.62259253041186,10.5450262859499,0.00577486926598213,45,f9a0423a1d3b0d2395df93743563d971
1592_J3T1,3,1,1.57376559117617,9.62259253041186,10.5450262859499,0.00577486926598213,45,f9a0423a1d3b0d2395df93743563d971
1592_J3T1,3,2,1.57376559117617,9.62259253041186,10.5450262859499,0.00577486926598213,45,f9a0423a1d3b0d2395df93743563d971
1592_J3T1,3,3,1.57376559117617,9.62259253041186,10.5450262859499,0.00577486926598213,45,f9a0423a1d3b0d2395df93743563d971
1592_J3T1,3,4,1.57376559117617,9.62259253041186,10.5450262859499,0.00577486926598213,45,f9a0423a1d3b0d2395df93743563d971
1592_J3T1,4,1,1.57376559117617,9.62259253041186,10.5450262859499,0.00577486926598213,45,f9a0423a1d3b0d2395df93743563d971
1592_J3T1,4,2,1.57376559117617,9.62259253041186,10.5450262859499,0.00577486926598213,45,f9a0423a1d3b0d2395df93743563d971
1592_J3T1,4,3,1.57376559117617,9.62259253041186,10.5450262859499,0.00577486926598213,45,f9a0423a1d3b0d2395df93743563d971
1592_J3T1,4,4,1.57376559117617,9.62259253041186,10.5450262859499,0.00577486926598213,45,f9a0423a1d3b0d2395df93743563d971
1592_J3T1,5,1,1.57376559117617,9.62259253041186,10.5450262859499,0.00577486926598213,45,f9a0423a1d3b0d2395df93743563d971
1592_J3T1,5,2,1.57376559117617,9.62259253041186,10.5450262859499,0.00577486926598213,45,f9a0423a1d3b0d2395df93743563d971
1592_J3T1,5,3,1.57376559117617,9.62259253041186,10.5450262859499,0.00577486926598213,45,f9a0423a1d3b0d2395df93743563d971
1592_J3T1,5,4,1.57376559117617,9.62259253041186,10.5450262859499,0.00577486926598213,45,f9a0423a1d3b0d2395df93743563d971
1592_J3T2,1,1,1.54192119904621,9.62259253041186,9.74672419666175,0.00577486926598213,45,f9a0423a1d3b0d2395df93743563d971
1592_J3T2,1,2,1.54192119904621,9.62259253041186,9.74672419666175,0.00577486926598213,45,f9a0423a1d3b0d2395df93743563d971
1592_J3T2,1,3,1.54192119904621,9.62259253041186,9.74672419666175,0.00577486926598213,45,f9a0423a1d3b0d2395df93743563d971
1592_J3T2,1,4,1.54192119904621,9.62259253041186,9.74672419666175,0.00577486926598213,45,f9a0423a1d3b0d2395df93743563d971
1592_J3T2,2,1,1.54192119904621,9.62259253041186,9.74672419666175,0.00577486926598213,45,f9a0423a1d3b0d2395df93743563d971
1592_J3T2,2,2,1.54192119904621,9.62259253041186,9.74672419666175,0.00577486926598213,45,f9a0423a1d3b0d2395df93743563d971
1592_J3T2,2,3,1.54192119904621,9.62259253041186,9.74672419666175,0.00577486926598213,45,f9a0423a1d3b0d2395df93743563d971
1592_J3T2,2,4,1.54192119904621,9.62259253041186,9.74672419666175,0.00577486926598213,45,f9a0423a1d3b0d2395df93743563d971
1592_J3T2,3,1,1.54192119904621,9.62259253041186,9.74672419666175,0.00577486926598213,45,f9a0423a1d3b0d2395df93743563d971
1592_J3T2,3,2,1.54192119904621,9.62259253041186,9.74672419666175,0.00577486926598213,45,f9a0423a1d3b0d2395df93743563d971
1592_J3T2,3,3,1.54192119904621,9.62259253041186,9.74672419666175,0.00577486926598213,45,f9a0423a1d3b0d2395df93743563d971
1592_J3T2,3,4,1.54192119904621,9.62259253041186,9.74672419666175,0.00577486926598213,45,f9a0423a1d3b0d2395df93743563d971
1592_J3T2,4,1,1.54192119904621,9.62259253041186,9.74672419666175,0.00577486926598213,45,f9a0423a1d3b0d2395df93743563d971
1592_J3T2,4,2,1.54192119904621,9.62259253041186,9.74672419666175,0.00577486926598213,45,f9a0423a1d3b0d2395df93743563d971
1592_J3T2,4,3,1.54192119904621,9.62259253041186,9.74672419666175,0.00577486926598213,45,f9a0423a1d3b0d2395df93743563d971
1592_J3T2,4,4,1.54192119904621,9.62259253041186,9.74672419666175,0.00577486926598213,45,f9a0423a1d3b0d2395df93743563d971
1592_J3T2,5,1,1.54192119904621,9.62259253041186,9.74672419666175,0.00577486926598213,45,f9a0423a1d3b0d2395df93743563d971
1592_J3T2,5,2,1.54192119904621,9.62259253041186,9.74672419666175,0.00577486926598213,45,f9a0423a1d3b0d2395df93743563d971
1592_J3T2,5,3,1.54192119904621,9.62259253041186,9.74672419666175,0.00577486926598213,45,f9a0423a1d3b0d2395df93743563d971
1592_J3T2,5,4,1.54192119904621,9.62259253041186,9.74672419666175,0.00577486926598213,45,f9a0423a1d3b0d2395df93743563d971
1595_4,1,1,0.774481707317073,12.9411890243902,2.59109190333392,0.00780045731707317,253.6,f9a0423a1d3b0d2395df93743563d971
1595_4,1,2,0.774481707317073,12.9411890243902,2.59109190333392,0.00780045731707317,253.6,f9a0423a1d3b0d2395df93743563d971
1595_4,1,3,0.774481707317073,12.9411890243902,2.59109190333392,0.00780045731707317,253.6,f9a0423a1d3b0d2395df93743563d971
1595_4,1,4,0.774481707317073,12.9411890243902,2.59109190333392,0.00780045731707317,253.6,f9a0423a1d3b0d2395df93743563d971
1595_4,2,1,0.541362916006339,8.94767113756716,1.63545740004187,0.00549159663865546,253.6,f9a0423a1d3b0d2395df93743563d971
1595_4,2,2,0.541362916006339,8.94767113756716,1.63545740004187,0.00549159663865546,253.6,f9a0423a1d3b0d2395df93743563d971
1595_4,2,3,0.541362916006339,8.93925831202046,1.63545740004187,0.00549159663865546,253.6,f9a0423a1d3b0d2395df93743563d971
1595_4,2,4,0.541362916006339,8.94767113756716,1.63545740004187,0.00549159663865546,253.6,f9a0423a1d3b0d2395df93743563d971
1595_4,3,1,0.427070842811831,7.13520187444301,0.0578565637736861,0.00432705289800911,253.6,f9a0423a1d3b0d2395df93743563d971
1595_4,3,2,0.427070842811831,7.14594373440202,0.0578565637736861,0.00432705289800911,253.6,f9a0423a1d3b0d2395df93743563d971
1595_4,3,3,0.427070842811831,7.26789333716668,0.0578565637736861,0.00432705289800911,253.6,f9a0423a1d3b0d2395df93743563d971
1595_4,3,4,0.427070842811831,7.14752333026963,0.0578565637736861,0.00432705289800911,253.6,f9a0423a1d3b0d2395df93743563d971
1595_4,4,1,0.396966812194899,6.67194879586009,0.04328187327437,0.00401363553615634,253.6,f9a0423a1d3b0d2395df93743563d971
1595_4,4,2,0.396966812194899,6.63573922609652,0.04328187327437,0.00401363553615634,253.6,f9a0423a1d3b0d2395df93743563d971
1595_4,4,3,0.396966812194899,6.62578083676708,0.04328187327437,0.00401363553615634,253.6,f9a0423a1d3b0d2395df93743563d971
1595_4,4,4,0.396966812194899,6.63949289542096,0.04328187327437,0.00401363553615634,253.6,f9a0423a1d3b0d2395df93743563d971
1595_4,5,1,0.378826104378297,6.41478700351967,0.0390864622429886,0.00382558825473274,253.6,f9a0423a1d3b0d2395df93743563d971
1595_4,5,2,0.378826104378297,6.36740470009147,0.0390864622429886,0.00382558825473274,253.6,f9a0423a1d3b0d2395df93743563d971
1595_4,5,3,0.378826104378297,6.36200900677223,0.0390864622429886,0.00382558825473274,253.6,f9a0423a1d3b0d2395df93743563d971
1595_4,5,4,0.378826104378297,6.36763959922674,0.0390864622429886,0.00382558825473274,253.6,f9a0423a1d3b0d2395df93743563d971
1595_S6,1,1,0.782811421737463,13.1722979241646,23.0410349523377,0.00790484980629319,20,f9a0423a1d3b0d2395df93743563d971
1595_S6,1,2,0.782811421737463,13.1722979241646,23.0410349523377,0.00790484980629319,20,f9a0423a1d3b0d2395df93743563d971
1595_S6,1,3,0.782811421737463,13.1722979241646,23.0410349523377,0.00790484980629319,20,f9a0423a1d3b0d2395df93743563d971
1595_S6,1,4,0.782811421737463,13.1722979241646,23.0410349523377,0.00790484980629319,20,f9a0423a1d3b0d2395df93743563d971
1595_S6,2,1,0.782811421737463,13.1722979241646,23.0410349523377,0.00790484980629319,20,f9a0423a1d3b0d2395df93743563d971
1595_S6,2,2,0.782811421737463,13.1722979241646,23.0410349523377,0.00790484980629319,20,f9a0423a1d3b0d2395df93743563d971
1595_S6,2,3,0.782811421737463,13.1722979241646,23.0410349523377,0.00790484980629319,20,f9a0423a1d3b0d2395df93743563d971
1595_S6,2,4,0.782811421737463,13.1722979241646,23.0410349523377,0.00790484980629319,20,f9a0423a1d3b0d2395df93743563d971
1595_S6,3,1,0.782811421737463,13.1722979241646,23.0410349523377,0.00790484980629319,20,f9a0423a1d3b0d2395df93743563d971
1595_S6,3,2,0.782811421737463,13.1722979241646,23.0410349523377,0.00790484980629319,20,f9a0423a1d3b0d2395df93743563d971
1595_S6,3,3,0.782811421737463,13.1722979241646,23.0410349523377,0.00790484980629319,20,f9a0423a1d3b0d2395df93743563d971
1595_S6,3,4,0.782811421737463,13.1722979241646,23.0410349523377,0.00790484980629319,20,f9a0423a1d3b0d2395df93743563d971
1595_S6,4,1,0.782811421737463,13.1722979241646,23.0410349523377,0.00790484980629319,20,f9a0423a1d3b0d2395df93743563d971
1595_S6,4,2,0.782811421737463,13.1722979241646,23.0410349523377,0.00790484980629319,20,f9a0423a1d3b0d2395df93743563d971
1595_S6,4,3,0.782811421737463,13.1722979241646,23.0410349523377,0.00790484980629319,20,f9a0423a1d3b0d2395df93743563d971
1595_S6,4,4,0.782811421737463,13.1722979241646,23.0410349523377,0.00790484980629319,20,f9a0423a1d3b0d2395df93743563d971
1595_S6,5,1,0.782811421737463,13.1722979241646,23.0410349523377,0.00790484980629319,20,f9a0423a1d3b0d2395df93743563d971
1595_S6,5,2,0.782811421737463,13.1722979241646,23.0410349523377,0.00790484980629319,20,f9a0423a1d3b0d2395df93743563d971
1595_S6,5,3,0.782811421737463,13.1722979241646,23.0410349523377,0.00790484980629319,20,f9a0423a1d3b0d2395df93743563d971
1595_S6,5,4,0.782811421737463,13.1722979241646,23.0410349523377,0.00790484980629319,20,f9a0423a1d3b0d2395df93743563d971
1599_2,1,1,0.953304949898938,14.5722229389756,1.34656275906186,1.52653360856664,580,f9a0423a1d3b0d2395df93743563d971
1599_2,1,2,0.884428255496293,14.5722229389756,1.34656275906186,1.35508917653181,580,f9a0423a1d3b0d2395df93743563d971
1599_2,1,3,0.953304949898938,14.5722229389756,1.34656275906186,1.52653360856664,580,f9a0423a1d3b0d2395df93743563d971
1599_2,1,4,0.953304949898938,14.5722229389756,1.34656275906186,1.52653360856664,580,f9a0423a1d3b0d2395df93743563d971
1599_2,2,1,0.695605596851771,10.6725856393452,1.34656275906186,1.52957114123306,580,f9a0423a1d3b0d2395df93743563d971
1599_2,2,2,0.689699731540596,10.6725856393452,1.34656275906186,0.937777647934667,580,f9a0423a1d3b0d2395df93743563d971
1599_2,2,3,0.693718904537871,10.6725856393452,1.34656275906186,1.02696270423424,580,f9a0423a1d3b0d2395df93743563d971
1599_2,2,4,0.693718904537871,10.6725856393452,1.34656275906186,1.02696270423424,580,f9a0423a1d3b0d2395df93743563d971
1599_2,3,1,0.687502927694315,9.92448221634825,1.34656275906186,1.65552711044936,580,f9a0423a1d3b0d2395df93743563d971
1599_2,3,2,0.674465365712253,9.92448221634825,1.34656275906186,1.38260080639848,580,f9a0423a1d3b0d2395df93743563d971
1599_2,3,3,0.687502927694315,9.92448221634825,1.34656275906186,1.65552711044936,580,f9a0423a1d3b0d2395df93743563d971
1599_2,3,4,0.687502927694315,9.92448221634825,1.34656275906186,1.65552711044936,580,f9a0423a1d3b0d2395df93743563d971
1599_2,4,1,0.743089556401012,9.34633438240743,1.34656275906186,3.21066367547756,580,f9a0423a1d3b0d2395df93743563d971
1599_2,4,2,0.744714650305811,9.34633438240743,1.34656275906186,3.28090355963163,580,f9a0423a1d3b0d2395df93743563d971
1599_2,4,3,0.743089556401012,9.34633438240743,1.34656275906186,3.21066367547756,580,f9a0423a1d3b0d2395df93743563d971
1599_2,4,4,0.743089556401012,9.34633438240743,1.34656275906186,3.21066367547756,580,f9a0423a1d3b0d2395df93743563d971
1599_2,5,1,0.718955420792516,10.2159990766434,1.34656275906186,1.91464821877139,580,f9a0423a1d3b0d2395df93743563d971
1599_2,5,2,0.718955420792516,10.2159990766434,1.34656275906186,1.91464821877139,580,f9a0423a1d3b0d2395df93743563d971
1599_2,5,3,0.718955420792516,10.2159990766434,1.34656275906186,1.91464821877139,580,f9a0423a1d3b0d2395df93743563d971
1599_2,5,4,0.718955420792516,10.2159990766434,1.34656275906186,1.91464821877139,580,f9a0423a1d3b0d2395df93743563d971
1599_3,1,1,0.60724844569076,9.80001407971465,0.0931258376450361,0.006207196037864,367.7,f9a0423a1d3b0d2395df93743563d971
1599_3,1,2,0.60724844569076,9.80001407971465,0.0931258376450361,0.006207196037864,367.7,f9a0423a1d3b0d2395df93743563d971
1599_3,1,3,0.60724844569076,9.80001407971465,0.0931258376450361,0.006207196037864,367.7,f9a0423a1d3b0d2395df93743563d971
1599_3,1,4,0.60724844569076,9.80001407971465,0.0931258376450361,0.006207196037864,367.7,f9a0423a1d3b0d2395df93743563d971
1599_3,2,1,0.74745002153346,12.4252302690988,0.130093138080009,0.00741504008002112,367.7,f9a0423a1d3b0d2395df93743563d971
1599_3,2,2,0.74745002153346,12.4252302690988,0.130093138080009,0.00741504008002112,367.7,f9a0423a1d3b0d2395df93743563d971
1599_3,2,3,0.74745002153346,12.4252302690988,0.130093138080009,0.00741504008002112,367.7,f9a0423a1d3b0d2395df93743563d971
1599_3,2,4,0.74745002153346,12.4252302690988,0.130093138080009,0.00741504008002112,367.7,f9a0423a1d3b0d2395df93743563d971
1599_3,3,1,0.620850378194513,10.1561580808307,0.0938895997075489,0.00629302242313029,367.7,f9a0423a1d3b0d2395df93743563d971
1599_3,3,2,0.620850378194513,10.1561580808307,0.0938895997075489,0.00629302242313029,367.7,f9a0423a1d3b0d2395df93743563d971
1599_3,3,3,0.620850378194513,10.1561580808307,0.0938895997075489,0.00629302242313029,367.7,f9a0423a1d3b0d2395df93743563d971
1599_3,3,4,0.620850378194513,10.1561580808307,0.0938895997075489,0.00629302242313029,367.7,f9a0423a1d3b0d2395df93743563d971
1599_3,4,1,0.587027140854892,9.40532201716412,0.0867011578770187,0.00603977402183144,367.7,f9a0423a1d3b0d2395df93743563d971
1599_3,4,2,0.587027140854892,9.40532201716412,0.0867011578770187,0.00603977402183144,367.7,f9a0423a1d3b0d2395df93743563d971
1599_3,4,3,0.587027140854892,9.40532201716412,0.0867011578770187,0.00603977402183144,367.7,f9a0423a1d3b0d2395df93743563d971
1599_3,4,4,0.587027140854892,9.40532201716412,0.0867011578770187,0.00603977402183144,367.7,f9a0423a1d3b0d2395df93743563d971
1599_3,5,1,0.60724844569076,9.80001407971465,0.0931258376450361,0.006207196037864,367.7,f9a0423a1d3b0d2395df93743563d971
1599_3,5,2,0.60724844569076,9.80001407971465,0.0931258376450361,0.006207196037864,367.7,f9a0423a1d3b0d2395df93743563d971
1599_3,5,3,0.60724844569076,9.80001407971465,0.0931258376450361,0.006207196037864,367.7,f9a0423a1d3b0d2395df93743563d971
1599_3,5,4,0.60724844569076,9.80001407971465,0.0931258376450361,0.006207196037864,367.7,f9a0423a1d3b0d2395df93743563d971
1678_1,1,1,0.782811421737463,13.1722979241646,5.46678191763856,0.00790484980629319,21.3,f9a0423a1d3b0d2395df93743563d971
1678_1,1,2,0.782811421737463,13.1722979241646,5.46678191763856,0.00790484980629319,21.3,f9a0423a1d3b0d2395df93743563d971
1678_1,1,3,0.782811421737463,13.1722979241646,5.46678191763856,0.00790484980629319,21.3,f9a0423a1d3b0d2395df93743563d971
1678_1,1,4,0.782811421737463,13.1722979241646,5.46678191763856,0.00790484980629319,21.3,f9a0423a1d3b0d2395df93743563d971
1678_1,2,1,0.782811421737463,13.1722979241646,5.46678191763856,0.00790484980629319,21.3,f9a0423a1d3b0d2395df93743563d971
1678_1,2,2,0.782811421737463,13.1722979241646,5.46678191763856,0.00790484980629319,21.3,f9a0423a1d3b0d2395df93743563d971
1678_1,2,3,0.782811421737463,13.1722979241646,5.46678191763856,0.00790484980629319,21.3,f9a0423a1d3b0d2395df93743563d971
1678_1,2,4,0.782811421737463,13.1722979241646,5.46678191763856,0.00790484980629319,21.3,f9a0423a1d3b0d2395df93743563d971
1678_1,3,1,0.782811421737463,13.1722979241646,5.46678191763856,0.00790484980629319,21.3,f9a0423a1d3b0d2395df93743563d971
1678_1,3,2,0.782811421737463,13.1722979241646,5.46678191763856,0.00790484980629319,21.3,f9a0423a1d3b0d2395df93743563d971
1678_1,3,3,0.782811421737463,13.1722979241646,5.46678191763856,0.00790484980629319,21.3,f9a0423a1d3b0d2395df93743563d971
1678_1,3,4,0.782811421737463,13.1722979241646,5.46678191763856,0.00790484980629319,21.3,f9a0423a1d3b0d2395df93743563d971
1678_1,4,1,0.782811421737463,13.1722979241646,5.46678191763856,0.00790484980629319,21.3,f9a0423a1d3b0d2395df93743563d971
1678_1,4,2,0.782811421737463,13.1722979241646,5.46678191763856,0.00790484980629319,21.3,f9a0423a1d3b0d2395df93743563d971
1678_1,4,3,0.782811421737463,13.1722979241646,5.46678191763856,0.00790484980629319,21.3,f9a0423a1d3b0d2395df93743563d971
1678_1,4,4,0.782811421737463,13.1722979241646,5.46678191763856,0.00790484980629319,21.3,f9a0423a1d3b0d2395df93743563d971
1678_1,5,1,0.782811421737463,13.1722979241646,5.46678191763856,0.00790484980629319,21.3,f9a0423a1d3b0d2395df93743563d971
1678_1,5,2,0.782811421737463,13.1722979241646,5.46678191763856,0.00790484980629319,21.3,f9a0423a1d3b0d2395df93743563d971
1678_1,5,3,0.782811421737463,13.1722979241646,5.46678191763856,0.00790484980629319,21.3,f9a0423a1d3b0d2395df93743563d971
1678_1,5,4,0.782811421737463,13.1722979241646,5.46678191763856,0.00790484980629319,21.3,f9a0423a1d3b0d2395df93743563d971
1678_2,1,1,0.745215388909565,9.62259253041186,3.3901865463342,0.00577486926598213,49.9,f9a0423a1d3b0d2395df93743563d971
1678_2,1,2,0.745215388909565,9.62259253041186,3.3901865463342,0.00577486926598213,49.9,f9a0423a1d3b0d2395df93743563d971
1678_2,1,3,0.745215388909565,9.62259253041186,3.3901865463342,0.00577486926598213,49.9,f9a0423a1d3b0d2395df93743563d971
1678_2,1,4,0.745215388909565,9.62259253041186,3.3901865463342,0.00577486926598213,49.9,f9a0423a1d3b0d2395df93743563d971
1678_2,2,1,0.745215388909565,9.62259253041186,3.3901865463342,0.00577486926598213,49.9,f9a0423a1d3b0d2395df93743563d971
1678_2,2,2,0.745215388909565,9.62259253041186,3.3901865463342,0.00577486926598213,49.9,f9a0423a1d3b0d2395df93743563d971
1678_2,2,3,0.745215388909565,9.62259253041186,3.3901865463342,0.00577486926598213,49.9,f9a0423a1d3b0d2395df93743563d971
1678_2,2,4,0.745215388909565,9.62259253041186,3.3901865463342,0.00577486926598213,49.9,f9a0423a1d3b0d2395df93743563d971
1678_2,3,1,0.745215388909565,9.62259253041186,3.3901865463342,0.00577486926598213,49.9,f9a0423a1d3b0d2395df93743563d971
1678_2,3,2,0.745215388909565,9.62259253041186,3.3901865463342,0.00577486926598213,49.9,f9a0423a1d3b0d2395df93743563d971
1678_2,3,3,0.745215388909565,9.62259253041186,3.3901865463342,0.00577486926598213,49.9,f9a0423a1d3b0d2395df93743563d971
1678_2,3,4,0.745215388909565,9.62259253041186,3.3901865463342,0.00577486926598213,49.9,f9a0423a1d3b0d2395df93743563d971
1678_2,4,1,0.745215388909565,9.62259253041186,3.3901865463342,0.00577486926598213,49.9,f9a0423a1d3b0d2395df93743563d971
1678_2,4,2,0.745215388909565,9.62259253041186,3.3901865463342,0.00577486926598213,49.9,f9a0423a1d3b0d2395df93743563d971
1678_2,4,3,0.745215388909565,9.62259253041186,3.3901865463342,0.00577486926598213,49.9,f9a0423a1d3b0d2395df93743563d971
1678_2,4,4,0.745215388909565,9.62259253041186,3.3901865463342,0.00577486926598213,49.9,f9a0423a1d3b0d2395df93743563d971
1678_2,5,1,0.745215388909565,9.62259253041186,3.3901865463342,0.00577486926598213,49.9,f9a0423a1d3b0d2395df93743563d971
1678_2,5,2,0.745215388909565,9.62259253041186,3.3901865463342,0.00577486926598213,49.9,f9a0423a1d3b0d2395df93743563d971
1678_2,5,3,0.745215388909565,9.62259253041186,3.3901865463342,0.00577486926598213,49.9,f9a0423a1d3b0d2395df93743563d971
1678_2,5,4,0.745215388909565,9.62259253041186,3.3901865463342,0.00577486926598213,49.9,f9a0423a1d3b0d2395df93743563d971
1682_9,1,1,1.32737119844466,22.0332685275193,2.126435976464,0.0824949312595473,118,f9a0423a1d3b0d2395df93743563d971
1682_9,1,2,1.43250546393801,23.7263560500695,2.2206374661722,0.104562785614941,118,f9a0423a1d3b0d2395df93743563d971
1682_9,1,3,0.867745130406075,14.4750742819412,1.7250499334221,0.0311399801914823,118,f9a0423a1d3b0d2395df93743563d971
1682_9,1,4,1.32737119844466,22.0332685275193,2.126435976464,0.0824949312595473,118,f9a0423a1d3b0d2395df93743563d971
1682_9,2,1,0.715097423545099,11.8140307109983,1.73875210938514,0.0748719084691815,118,f9a0423a1d3b0d2395df93743563d971
1682_9,2,2,0.715097423545099,11.8140307109983,1.73875210938514,0.0748719084691815,118,f9a0423a1d3b0d2395df93743563d971
1682_9,2,3,0.710879475733688,11.8013011682021,1.76617408713891,0.0745355209421598,118,f9a0423a1d3b0d2395df93743563d971
1682_9,2,4,0.715097423545099,11.8140307109983,1.73875210938514,0.0748719084691815,118,f9a0423a1d3b0d2395df93743563d971
1682_9,3,1,0.616077170418006,10.2430283542824,1.65412508671754,0.0793708112991948,118,f9a0423a1d3b0d2395df93743563d971
1682_9,3,2,0.613702374945243,10.2397776989148,1.71897875041411,0.0990835833227053,118,f9a0423a1d3b0d2395df93743563d971
1682_9,3,3,0.626991550995776,10.42312009656,1.68762766312089,0.0680803409776705,118,f9a0423a1d3b0d2395df93743563d971
1682_9,3,4,0.615788091840929,10.2661710493186,1.70924844249383,0.0930489161195077,118,f9a0423a1d3b0d2395df93743563d971
1682_9,4,1,0.610218412310512,10.1565061667112,1.41988167582544,0.0337304631715606,118,f9a0423a1d3b0d2395df93743563d971
1682_9,4,2,0.608806499276872,10.1500921531465,1.39953491048727,0.0310318855108104,118,f9a0423a1d3b0d2395df93743563d971
1682_9,4,3,0.614915815449973,10.1727923031269,1.47005404558628,0.0445224283884672,118,f9a0423a1d3b0d2395df93743563d971
1682_9,4,4,0.610218412310512,10.1565061667112,1.41988167582544,0.0337304631715606,118,f9a0423a1d3b0d2395df93743563d971
1682_9,5,1,0.636817666236721,10.6051204604525,1.62337717928702,0.0720673372957487,118,f9a0423a1d3b0d2395df93743563d971
1682_9,5,2,0.636817666236721,10.6051204604525,1.62337717928702,0.0720673372957487,118,f9a0423a1d3b0d2395df93743563d971
1682_9,5,3,0.636817666236721,10.6051204604525,1.62337717928702,0.0720673372957487,118,f9a0423a1d3b0d2395df93743563d971
1682_9,5,4,0.636817666236721,10.6051204604525,1.62337717928702,0.0720673372957487,118,f9a0423a1d3b0d2395df93743563d971
2364_1,1,1,2.36084499178982,23.0065764023211,19.561863313991,1.29853762509918,113.6,f9a0423a1d3b0d2395df93743563d971
2364_1,1,2,2.36084499178982,23.0065764023211,19.561863313991,1.29853762509918,113.6,f9a0423a1d3b0d2395df93743563d971
2364_1,1,3,2.36084499178982,23.0065764023211,19.561863313991,1.29853762509918,113.6,f9a0423a1d3b0d2395df93743563d971
2364_1,1,4,2.36084499178982,23.0065764023211,19.561863313991,1.29853762509918,113.6,f9a0423a1d3b0d2395df93743563d971
2364_1,2,1,1.25199835719315,12.2034955343394,11.2767477671697,1.29853762509918,113.6,f9a0423a1d3b0d2395df93743563d971
2364_1,2,2,1.25199835719315,12.2034955343394,11.2767477671697,1.29853762509918,113.6,f9a0423a1d3b0d2395df93743563d971
2364_1,2,3,1.38298289136014,13.4382644628099,12.4951239669422,1.29853762509918,113.6,f9a0423a1d3b0d2395df93743563d971
2364_1,2,4,1.25199835719315,12.2034955343394,11.2767477671697,1.29853762509918,113.6,f9a0423a1d3b0d2395df93743563d971
2364_1,3,1,1.0291440703071,10.0359096661151,5.5072325513482,1.29853762509918,113.6,f9a0423a1d3b0d2395df93743563d971
2364_1,3,2,1.08980632329176,10.613640784568,7.74927865132112,1.29853762509918,113.6,f9a0423a1d3b0d2395df93743563d971
2364_1,3,3,1.15920693344746,11.2772647453775,10.65916744138,1.29853762509918,113.6,f9a0423a1d3b0d2395df93743563d971
2364_1,3,4,1.08980632329176,10.613640784568,7.74927865132112,1.29853762509918,113.6,f9a0423a1d3b0d2395df93743563d971
2364_1,4,1,1.00592792472507,9.81520211827008,2.45073256840247,1.29853762509918,113.6,f9a0423a1d3b0d2395df93743563d971
2364_1,4,2,1.02697749950223,10.0080797097614,2.58615453482727,1.29853762509918,113.6,f9a0423a1d3b0d2395df93743563d971
2364_1,4,3,1.04129096441948,10.1472962521686,4.4917560251667,1.29853762509918,113.6,f9a0423a1d3b0d2395df93743563d971
2364_1,4,4,1.02557929197015,9.99582691593258,2.68647176238721,1.29853762509918,113.6,f9a0423a1d3b0d2395df93743563d971
2364_1,5,1,0.999905511225009,9.75335256274729,2.50716714666174,1.29853762509918,113.6,f9a0423a1d3b0d2395df93743563d971
2364_1,5,2,0.999105558246921,9.74553884931423,2.48625294587216,1.29853762509918,113.6,f9a0423a1d3b0d2395df93743563d971
2364_1,5,3,1.0108734832573,9.85996939798449,2.79607318102675,1.29853762509918,113.6,f9a0423a1d3b0d2395df93743563d971
2364_1,5,4,0.999905511225009,9.75335256274729,2.50716714666174,1.29853762509918,113.6,f9a0423a1d3b0d2395df93743563d971
2364_2,1,1,1.92137364945978,18.7264905962385,18.5915566226491,1.51538568276042,345.6,f9a0423a1d3b0d2395df93743563d971
2364_2,1,2,1.92137364945978,18.7264905962385,19.7667161961367,1.51538568276042,345.6,f9a0423a1d3b0d2395df93743563d971
2364_2,1,3,1.92137364945978,18.7264905962385,18.5915566226491,1.51538568276042,345.6,f9a0423a1d3b0d2395df93743563d971
2364_2,1,4,1.92137364945978,18.7264905962385,18.5915566226491,1.51538568276042,345.6,f9a0423a1d3b0d2395df93743563d971
2364_2,2,1,1.12958998029075,11.0674231528655,5.92804668726399,1.51538568276042,345.6,f9a0423a1d3b0d2395df93743563d971
2364_2,2,2,1.12958998029075,11.0674231528655,3.18010402691944,1.51538568276042,345.6,f9a0423a1d3b0d2395df93743563d971
2364_2,2,3,1.12958998029075,11.0674231528655,12.7663424392936,1.51538568276042,345.6,f9a0423a1d3b0d2395df93743563d971
2364_2,2,4,1.12958998029075,11.0674231528655,4.70796707538048,1.51538568276042,345.6,f9a0423a1d3b0d2395df93743563d971
2364_2,3,1,1.02111937975481,9.95578973792302,2.28364547930677,1.51538568276042,345.6,f9a0423a1d3b0d2395df93743563d971
2364_2,3,2,1.02111937975481,9.95578973792302,2.32270304152217,1.51538568276042,345.6,f9a0423a1d3b0d2395df93743563d971
2364_2,3,3,1.02111937975481,9.95578973792302,6.78243300904591,1.51538568276042,345.6,f9a0423a1d3b0d2395df93743563d971
2364_2,3,4,1.02111937975481,9.95578973792302,2.57593956651105,1.51538568276042,345.6,f9a0423a1d3b0d2395df93743563d971
2364_2,4,1,1.01802435602616,9.93105748810639,2.15477028135935,1.51538568276042,345.6,f9a0423a1d3b0d2395df93743563d971
2364_2,4,2,1.01802435602616,9.93105748810639,2.41960996659412,1.51538568276042,345.6,f9a0423a1d3b0d2395df93743563d971
2364_2,4,3,1.01802435602616,9.93105748810639,3.35071750140687,1.51538568276042,345.6,f9a0423a1d3b0d2395df93743563d971
2364_2,4,4,1.01802435602616,9.93105748810639,2.512728436164,1.51538568276042,345.6,f9a0423a1d3b0d2395df93743563d971
2364_2,5,1,0.977463867750942,9.52635818110777,2.29926016179337,1.51538568276042,345.6,f9a0423a1d3b0d2395df93743563d971
2364_2,5,2,0.977463867750942,9.52635818110777,2.29475029492725,1.51538568276042,345.6,f9a0423a1d3b0d2395df93743563d971
2364_2,5,3,0.977463867750942,9.52635818110777,2.44558846272812,1.51538568276042,345.6,f9a0423a1d3b0d2395df93743563d971
2364_2,5,4,0.977463867750942,9.52635818110777,2.29926016179337,1.51538568276042,345.6,f9a0423a1d3b0d2395df93743563d971
2367_4,1,1,1.23054352007562,12.1025574570515,3.10191765791926,10.5977872018441,50,f9a0423a1d3b0d2395df93743563d971
2367_4,1,2,1.23054352007562,12.1025574570515,3.10191765791926,10.5977872018441,50,f9a0423a1d3b0d2395df93743563d971
2367_4,1,3,1.23054352007562,12.1025574570515,3.10191765791926,10.5977872018441,50,f9a0423a1d3b0d2395df93743563d971
2367_4,1,4,1.23054352007562,12.1025574570515,3.10191765791926,10.5977872018441,50,f9a0423a1d3b0d2395df93743563d971
2367_4,2,1,1.23054352007562,12.1025574570515,3.10191765791926,10.5977872018441,50,f9a0423a1d3b0d2395df93743563d971
2367_4,2,2,1.23054352007562,12.1025574570515,3.10191765791926,10.5977872018441,50,f9a0423a1d3b0d2395df93743563d971
2367_4,2,3,1.23054352007562,12.1025574570515,3.10191765791926,10.5977872018441,50,f9a0423a1d3b0d2395df93743563d971
2367_4,2,4,1.23054352007562,12.1025574570515,3.10191765791926,10.5977872018441,50,f9a0423a1d3b0d2395df93743563d971
2367_4,3,1,1.23054352007562,12.1025574570515,3.10191765791926,10.5977872018441,50,f9a0423a1d3b0d2395df93743563d971
2367_4,3,2,1.23054352007562,12.1025574570515,3.10191765791926,10.5977872018441,50,f9a0423a1d3b0d2395df93743563d971
2367_4,3,3,1.23054352007562,12.1025574570515,3.10191765791926,10.5977872018441,50,f9a0423a1d3b0d2395df93743563d971
2367_4,3,4,1.23054352007562,12.1025574570515,3.10191765791926,10.5977872018441,50,f9a0423a1d3b0d2395df93743563d971
2367_4,4,1,1.23054352007562,12.1025574570515,3.10191765791926,10.5977872018441,50,f9a0423a1d3b0d2395df93743563d971
2367_4,4,2,1.23054352007562,12.1025574570515,3.10191765791926,10.5977872018441,50,f9a0423a1d3b0d2395df93743563d971
2367_4,4,3,1.23054352007562,12.1025574570515,3.10191765791926,10.5977872018441,50,f9a0423a1d3b0d2395df93743563d971
2367_4,4,4,1.23054352007562,12.1025574570515,3.10191765791926,10.5977872018441,50,f9a0423a1d3b0d2395df93743563d971
2367_4,5,1,1.23054352007562,12.1025574570515,3.10191765791926,10.5977872018441,50,f9a0423a1d3b0d2395df93743563d971
2367_4,5,2,1.23054352007562,12.1025574570515,3.10191765791926,10.5977872018441,50,f9a0423a1d3b0d2395df93743563d971
2367_4,5,3,1.23054352007562,12.1025574570515,3.10191765791926,10.5977872018441,50,f9a0423a1d3b0d2395df93743563d971
2367_4,5,4,1.23054352007562,12.1025574570515,3.10191765791926,10.5977872018441,50,f9a0423a1d3b0d2395df93743563d971
2367_6,1,1,1.19728809020181,11.7490059281182,2.75909861918159,9.81020105486389,50,f9a0423a1d3b0d2395df93743563d971
2367_6,1,2,1.19728809020181,11.7490059281182,2.75909861918159,9.81020105486389,50,f9a0423a1d3b0d2395df93743563d971
2367_6,1,3,1.19728809020181,11.7490059281182,2.75909861918159,9.81020105486389,50,f9a0423a1d3b0d2395df93743563d971
2367_6,1,4,1.19728809020181,11.7490059281182,2.75909861918159,9.81020105486389,50,f9a0423a1d3b0d2395df93743563d971
2367_6,2,1,1.19728809020181,11.7490059281182,2.75909861918159,9.81020105486389,50,f9a0423a1d3b0d2395df93743563d971
2367_6,2,2,1.19728809020181,11.7490059281182,2.75909861918159,9.81020105486389,50,f9a0423a1d3b0d2395df93743563d971
2367_6,2,3,1.19728809020181,11.7490059281182,2.75909861918159,9.81020105486389,50,f9a0423a1d3b0d2395df93743563d971
2367_6,2,4,1.19728809020181,11.7490059281182,2.75909861918159,9.81020105486389,50,f9a0423a1d3b0d2395df93743563d971
2367_6,3,1,1.19728809020181,11.7490059281182,2.75909861918159,9.81020105486389,50,f9a0423a1d3b0d2395df93743563d971
2367_6,3,2,1.19728809020181,11.7490059281182,2.75909861918159,9.81020105486389,50,f9a0423a1d3b0d2395df93743563d971
2367_6,3,3,1.19728809020181,11.7490059281182,2.75909861918159,9.81020105486389,50,f9a0423a1d3b0d2395df93743563d971
2367_6,3,4,1.19728809020181,11.7490059281182,2.75909861918159,9.81020105486389,50,f9a0423a1d3b0d2395df93743563d971
2367_6,4,1,1.19728809020181,11.7490059281182,2.75909861918159,9.81020105486389,50,f9a0423a1d3b0d2395df93743563d971
2367_6,4,2,1.19728809020181,11.7490059281182,2.75909861918159,9.81020105486389,50,f9a0423a1d3b0d2395df93743563d971
2367_6,4,3,1.19728809020181,11.7490059281182,2.75909861918159,9.81020105486389,50,f9a0423a1d3b0d2395df93743563d971
2367_6,4,4,1.19728809020181,11.7490059281182,2.75909861918159,9.81020105486389,50,f9a0423a1d3b0d2395df93743563d971
2367_6,5,1,1.19728809020181,11.7490059281182,2.75909861918159,9.81020105486389,50,f9a0423a1d3b0d2395df93743563d971
2367_6,5,2,1.19728809020181,11.7490059281182,2.75909861918159,9.81020105486389,50,f9a0423a1d3b0d2395df93743563d971
2367_6,5,3,1.19728809020181,11.7490059281182,2.75909861918159,9.81020105486389,50,f9a0423a1d3b0d2395df93743563d971
2367_6,5,4,1.19728809020181,11.7490059281182,2.75909861918159,9.81020105486389,50,f9a0423a1d3b0d2395df93743563d971
3236_10,1,1,1.01077336790799,16.8495858243895,3.89969224110986,0.0181520061728395,173,f9a0423a1d3b0d2395df93743563d971
3236_10,1,2,1.01077336790799,16.8495858243895,4.49779213785676,0.0181520061728395,173,f9a0423a1d3b0d2395df93743563d971
3236_10,1,3,1.01077336790799,16.8495858243895,3.89969224110986,0.0181520061728395,173,f9a0423a1d3b0d2395df93743563d971
3236_10,1,4,1.01077336790799,16.8495858243895,3.89969224110986,0.0181520061728395,173,f9a0423a1d3b0d2395df93743563d971
3236_10,2,1,0.742503285902052,12.4943808217612,0.315424167577067,0.00849124092186364,173,f9a0423a1d3b0d2395df93743563d971
3236_10,2,2,0.742503285902052,12.4943808217612,0.264382782586844,0.00849124092186364,173,f9a0423a1d3b0d2395df93743563d971
3236_10,2,3,0.742503285902052,12.4943808217612,0.608531969893886,0.00849124092186364,173,f9a0423a1d3b0d2395df93743563d971
3236_10,2,4,0.742503285902052,12.4943808217612,0.619324479286713,0.00849124092186364,173,f9a0423a1d3b0d2395df93743563d971
3236_10,3,1,0.683413907725187,11.4770255642074,0.223930243154799,0.00850172619775814,173,f9a0423a1d3b0d2395df93743563d971
3236_10,3,2,0.683413907725187,11.4770255642074,0.225807101633509,0.00850172619775814,173,f9a0423a1d3b0d2395df93743563d971
3236_10,3,3,0.683413907725187,11.4770255642074,0.211346536006345,0.00850172619775814,173,f9a0423a1d3b0d2395df93743563d971
3236_10,3,4,0.683413907725187,11.4770255642074,0.224488939364013,0.00850172619775814,173,f9a0423a1d3b0d2395df93743563d971
3236_10,4,1,0.696299947279011,11.6963143576826,0.325018480508223,0.00859387845332376,173,f9a0423a1d3b0d2395df93743563d971
3236_10,4,2,0.696299947279011,11.6963143576826,0.325018480508223,0.00859387845332376,173,f9a0423a1d3b0d2395df93743563d971
3236_10,4,3,0.696299947279011,11.6963143576826,0.325018480508223,0.00859387845332376,173,f9a0423a1d3b0d2395df93743563d971
3236_10,4,4,0.696299947279011,11.6963143576826,0.325018480508223,0.00859387845332376,173,f9a0423a1d3b0d2395df93743563d971
3236_10,5,1,0.696299947279011,11.6963143576826,0.325018480508223,0.00859387845332376,173,f9a0423a1d3b0d2395df93743563d971
3236_10,5,2,0.696299947279011,11.6963143576826,0.325018480508223,0.00859387845332376,173,f9a0423a1d3b0d2395df93743563d971
3236_10,5,3,0.696299947279011,11.6963143576826,0.325018480508223,0.00859387845332376,173,f9a0423a1d3b0d2395df93743563d971
3236_10,5,4,0.696299947279011,11.6963143576826,0.325018480508223,0.00859387845332376,173,f9a0423a1d3b0d2395df93743563d971
3236_11,1,1,0.703565759140306,11.7730619704763,4.13985981308411,0.0101422002073173,171,f9a0423a1d3b0d2395df93743563d971
3236_11,1,2,0.703565759140306,11.7730619704763,4.69792085848424,0.0101422002073173,171,f9a0423a1d3b0d2395df93743563d971
3236_11,1,3,0.703565759140306,11.7730619704763,4.13985981308411,0.0101422002073173,171,f9a0423a1d3b0d2395df93743563d971
3236_11,1,4,0.703565759140306,11.7730619704763,4.13985981308411,0.0101422002073173,171,f9a0423a1d3b0d2395df93743563d971
3236_11,2,1,0.703565759140306,11.7730619704763,0.324913945594493,0.0101422002073173,171,f9a0423a1d3b0d2395df93743563d971
3236_11,2,2,0.703565759140306,11.7730619704763,0.276343374995935,0.0101422002073173,171,f9a0423a1d3b0d2395df93743563d971
3236_11,2,3,0.703565759140306,11.7730619704763,0.58821861814346,0.0101422002073173,171,f9a0423a1d3b0d2395df93743563d971
3236_11,2,4,0.703565759140306,11.7730619704763,0.716257622202446,0.0101422002073173,171,f9a0423a1d3b0d2395df93743563d971
3236_11,3,1,0.703565759140306,11.7730619704763,0.243955502647675,0.0101422002073173,171,f9a0423a1d3b0d2395df93743563d971
3236_11,3,2,0.703565759140306,11.7730619704763,0.259370790179666,0.0101422002073173,171,f9a0423a1d3b0d2395df93743563d971
3236_11,3,3,0.703565759140306,11.7730619704763,0.250166735187977,0.0101422002073173,171,f9a0423a1d3b0d2395df93743563d971
3236_11,3,4,0.703565759140306,11.7730619704763,0.258542981426274,0.0101422002073173,171,f9a0423a1d3b0d2395df93743563d971
3236_11,4,1,0.703565759140306,11.7730619704763,0.350081149634536,0.0101422002073173,171,f9a0423a1d3b0d2395df93743563d971
3236_11,4,2,0.703565759140306,11.7730619704763,0.350081149634536,0.0101422002073173,171,f9a0423a1d3b0d2395df93743563d971
3236_11,4,3,0.703565759140306,11.7730619704763,0.350081149634536,0.0101422002073173,171,f9a0423a1d3b0d2395df93743563d971
3236_11,4,4,0.703565759140306,11.7730619704763,0.350081149634536,0.0101422002073173,171,f9a0423a1d3b0d2395df93743563d971
3236_11,5,1,0.703565759140306,11.7730619704763,0.350081149634536,0.0101422002073173,171,f9a0423a1d3b0d2395df93743563d971
3236_11,5,2,0.703565759140306,11.7730619704763,0.350081149634536,0.0101422002073173,171,f9a0423a1d3b0d2395df93743563d971
3236_11,5,3,0.703565759140306,11.7730619704763,0.350081149634536,0.0101422002073173,171,f9a0423a1d3b0d2395df93743563d971
3236_11,5,4,0.703565759140306,11.7730619704763,0.350081149634536,0.0101422002073173,171,f9a0423a1d3b0d2395df93743563d971
3236_9,1,1,1.01488117489987,16.8684993324433,4.51986522042636,0.0211921770072505,171,f9a0423a1d3b0d2395df93743563d971
3236_9,1,2,1.04564254062038,17.2806827506975,5.01352371573937,0.0259642212374856,171,f9a0423a1d3b0d2395df93743563d971
3236_9,1,3,1.01488117489987,16.8684993324433,4.51986522042636,0.0211921770072505,171,f9a0423a1d3b0d2395df93743563d971
3236_9,1,4,1.01488117489987,16.8684993324433,4.51986522042636,0.0211921770072505,171,f9a0423a1d3b0d2395df93743563d971
3236_9,2,1,0.749782214463671,12.6325237699778,0.323729301899903,0.00817246580682338,171,f9a0423a1d3b0d2395df93743563d971
3236_9,2,2,0.746845599315766,12.5772198916629,0.299098640612881,0.00825317074495533,171,f9a0423a1d3b0d2395df93743563d971
3236_9,2,3,0.7666553675647,12.7829231268054,0.706561967553152,0.0137593586040205,171,f9a0423a1d3b0d2395df93743563d971
3236_9,2,4,0.764842318564179,12.8588989544665,0.735051518229856,0.00940963085962447,171,f9a0423a1d3b0d2395df93743563d971
3236_9,3,1,0.710465719813146,11.9849101118294,0.264632007961708,0.00717689803236918,171,f9a0423a1d3b0d2395df93743563d971
3236_9,3,2,0.69395794747477,11.6345600634858,0.256515675026726,0.00931163698834554,171,f9a0423a1d3b0d2395df93743563d971
3236_9,3,3,0.702109087978785,11.770533205865,0.253117327962601,0.00979418260936453,171,f9a0423a1d3b0d2395df93743563d971
3236_9,3,4,0.694774067586026,11.6485877931519,0.256440552036703,0.00934066052855009,171,f9a0423a1d3b0d2395df93743563d971
3236_9,4,1,0.708524681797538,11.8831080264525,0.370404868081723,0.00946583598133055,171,f9a0423a1d3b0d2395df93743563d971
3236_9,4,2,0.708524681797538,11.8831080264525,0.370404868081723,0.00946583598133055,171,f9a0423a1d3b0d2395df93743563d971
3236_9,4,3,0.708524681797538,11.8831080264525,0.370404868081723,0.00946583598133055,171,f9a0423a1d3b0d2395df93743563d971
3236_9,4,4,0.708524681797538,11.8831080264525,0.370404868081723,0.00946583598133055,171,f9a0423a1d3b0d2395df93743563d971
3236_9,5,1,0.708524681797538,11.8831080264525,0.370404868081723,0.00946583598133055,171,f9a0423a1d3b0d2395df93743563d971
3236_9,5,2,0.708524681797538,11.8831080264525,0.370404868081723,0.00946583598133055,171,f9a0423a1d3b0d2395df93743563d971
3236_9,5,3,0.708524681797538,11.8831080264525,0.370404868081723,0.00946583598133055,171,f9a0423a1d3b0d2395df93743563d971
3236_9,5,4,0.708524681797538,11.8831080264525,0.370404868081723,0.00946583598133055,171,f9a0423a1d3b0d2395df93743563d971
3734_A,1,1,0.785639376464515,13.2199130010837,0.122134230853872,0.00793338733496745,41.8,f9a0423a1d3b0d2395df93743563d971
3734_A,1,2,0.785639376464515,13.2199130010837,0.122134230853872,0.00793338733496745,41.8,f9a0423a1d3b0d2395df93743563d971
3734_A,1,3,0.785639376464515,13.2199130010837,0.122134230853872,0.00793338733496745,41.8,f9a0423a1d3b0d2395df93743563d971
3734_A,1,4,0.785639376464515,13.2199130010837,0.122134230853872,0.00793338733496745,41.8,f9a0423a1d3b0d2395df93743563d971
3734_A,2,1,0.785639376464515,13.2199130010837,0.122134230853872,0.00793338733496745,41.8,f9a0423a1d3b0d2395df93743563d971
3734_A,2,2,0.785639376464515,13.2199130010837,0.122134230853872,0.00793338733496745,41.8,f9a0423a1d3b0d2395df93743563d971
3734_A,2,3,0.785639376464515,13.2199130010837,0.122134230853872,0.00793338733496745,41.8,f9a0423a1d3b0d2395df93743563d971
3734_A,2,4,0.785639376464515,13.2199130010837,0.122134230853872,0.00793338733496745,41.8,f9a0423a1d3b0d2395df93743563d971
3734_A,3,1,0.785639376464515,13.2199130010837,0.122134230853872,0.00793338733496745,41.8,f9a0423a1d3b0d2395df93743563d971
3734_A,3,2,0.785639376464515,13.2199130010837,0.122134230853872,0.00793338733496745,41.8,f9a0423a1d3b0d2395df93743563d971
3734_A,3,3,0.785639376464515,13.2199130010837,0.122134230853872,0.00793338733496745,41.8,f9a0423a1d3b0d2395df93743563d971
3734_A,3,4,0.785639376464515,13.2199130010837,0.122134230853872,0.00793338733496745,41.8,f9a0423a1d3b0d2395df93743563d971
3734_A,4,1,0.785639376464515,13.2199130010837,0.122134230853872,0.00793338733496745,41.8,f9a0423a1d3b0d2395df93743563d971
3734_A,4,2,0.785639376464515,13.2199130010837,0.122134230853872,0.00793338733496745,41.8,f9a0423a1d3b0d2395df93743563d971
3734_A,4,3,0.785639376464515,13.2199130010837,0.122134230853872,0.00793338733496745,41.8,f9a0423a1d3b0d2395df93743563d971
3734_A,4,4,0.785639376464515,13.2199130010837,0.122134230853872,0.00793338733496745,41.8,f9a0423a1d3b0d2395df93743563d971
3734_A,5,1,0.785639376464515,13.2199130010837,0.122134230853872,0.00793338733496745,41.8,f9a0423a1d3b0d2395df93743563d971
3734_A,5,2,0.785639376464515,13.2199130010837,0.122134230853872,0.00793338733496745,41.8,f9a0423a1d3b0d2395df93743563d971
3734_A,5,3,0.785639376464515,13.2199130010837,0.122134230853872,0.00793338733496745,41.8,f9a0423a1d3b0d2395df93743563d971
3734_A,5,4,0.785639376464515,13.2199130010837,0.122134230853872,0.00793338733496745,41.8,f9a0423a1d3b0d2395df93743563d971
3734_B,1,1,0.785639376464515,13.2199130010837,0.122134230853872,0.00793338733496745,41.8,f9a0423a1d3b0d2395df93743563d971
3734_B,1,2,0.785639376464515,13.2199130010837,0.122134230853872,0.00793338733496745,41.8,f9a0423a1d3b0d2395df93743563d971
3734_B,1,3,0.785639376464515,13.2199130010837,0.122134230853872,0.00793338733496745,41.8,f9a0423a1d3b0d2395df93743563d971
3734_B,1,4,0.785639376464515,13.2199130010837,0.122134230853872,0.00793338733496745,41.8,f9a0423a1d3b0d2395df93743563d971
3734_B,2,1,0.785639376464515,13.2199130010837,0.122134230853872,0.00793338733496745,41.8,f9a0423a1d3b0d2395df93743563d971
3734_B,2,2,0.785639376464515,13.2199130010837,0.122134230853872,0.00793338733496745,41.8,f9a0423a1d3b0d2395df93743563d971
3734_B,2,3,0.785639376464515,13.2199130010837,0.122134230853872,0.00793338733496745,41.8,f9a0423a1d3b0d2395df93743563d971
3734_B,2,4,0.785639376464515,13.2199130010837,0.122134230853872,0.00793338733496745,41.8,f9a0423a1d3b0d2395df93743563d971
3734_B,3,1,0.785639376464515,13.2199130010837,0.122134230853872,0.00793338733496745,41.8,f9a0423a1d3b0d2395df93743563d971
3734_B,3,2,0.785639376464515,13.2199130010837,0.122134230853872,0.00793338733496745,41.8,f9a0423a1d3b0d2395df93743563d971
3734_B,3,3,0.785639376464515,13.2199130010837,0.122134230853872,0.00793338733496745,41.8,f9a0423a1d3b0d2395df93743563d971
3734_B,3,4,0.785639376464515,13.2199130010837,0.122134230853872,0.00793338733496745,41.8,f9a0423a1d3b0d2395df93743563d971
3734_B,4,1,0.785639376464515,13.2199130010837,0.122134230853872,0.00793338733496745,41.8,f9a0423a1d3b0d2395df93743563d971
3734_B,4,2,0.785639376464515,13.2199130010837,0.122134230853872,0.00793338733496745,41.8,f9a0423a1d3b0d2395df93743563d971
3734_B,4,3,0.785639376464515,13.2199130010837,0.122134230853872,0.00793338733496745,41.8,f9a0423a1d3b0d2395df93743563d971
3734_B,4,4,0.785639376464515,13.2199130010837,0.122134230853872,0.00793338733496745,41.8,f9a0423a1d3b0d2395df93743563d971
3734_B,5,1,0.785639376464515,13.2199130010837,0.122134230853872,0.00793338733496745,41.8,f9a0423a1d3b0d2395df93743563d971
3734_B,5,2,0.785639376464515,13.2199130010837,0.122134230853872,0.00793338733496745,41.8,f9a0423a1d3b0d2395df93743563d971
3734_B,5,3,0.785639376464515,13.2199130010837,0.122134230853872,0.00793338733496745,41.8,f9a0423a1d3b0d2395df93743563d971
3734_B,5,4,0.785639376464515,13.2199130010837,0.122134230853872,0.00793338733496745,41.8,f9a0423a1d3b0d2395df93743563d971
3754_CT1,1,1,0.782811421737463,13.1722979241646,0.0982597055450186,0.00790484980629319,25.5,f9a0423a1d3b0d2395df93743563d971
3754_CT1,1,2,0.782811421737463,13.1722979241646,0.0982597055450186,0.00790484980629319,25.5,f9a0423a1d3b0d2395df93743563d971
3754_CT1,1,3,0.782811421737463,13.1722979241646,0.0982597055450186,0.00790484980629319,25.5,f9a0423a1d3b0d2395df93743563d971
3754_CT1,1,4,0.782811421737463,13.1722979241646,0.0982597055450186,0.00790484980629319,25.5,f9a0423a1d3b0d2395df93743563d971
3754_CT1,2,1,0.782811421737463,13.1722979241646,0.0982597055450186,0.00790484980629319,25.5,f9a0423a1d3b0d2395df93743563d971
3754_CT1,2,2,0.782811421737463,13.1722979241646,0.0982597055450186,0.00790484980629319,25.5,f9a0423a1d3b0d2395df93743563d971
3754_CT1,2,3,0.782811421737463,13.1722979241646,0.0982597055450186,0.00790484980629319,25.5,f9a0423a1d3b0d2395df93743563d971
3754_CT1,2,4,0.782811421737463,13.1722979241646,0.0982597055450186,0.00790484980629319,25.5,f9a0423a1d3b0d2395df93743563d971
3754_CT1,3,1,0.782811421737463,13.1722979241646,0.0982597055450186,0.00790484980629319,25.5,f9a0423a1d3b0d2395df93743563d971
3754_CT1,3,2,0.782811421737463,13.1722979241646,0.0982597055450186,0.00790484980629319,25.5,f9a0423a1d3b0d2395df93743563d971
3754_CT1,3,3,0.782811421737463,13.1722979241646,0.0982597055450186,0.00790484980629319,25.5,f9a0423a1d3b0d2395df93743563d971
3754_CT1,3,4,0.782811421737463,13.1722979241646,0.0982597055450186,0.00790484980629319,25.5,f9a0423a1d3b0d2395df93743563d971
3754_CT1,4,1,0.782811421737463,13.1722979241646,0.0982597055450186,0.00790484980629319,25.5,f9a0423a1d3b0d2395df93743563d971
3754_CT1,4,2,0.782811421737463,13.1722979241646,0.0982597055450186,0.00790484980629319,25.5,f9a0423a1d3b0d2395df93743563d971
3754_CT1,4,3,0.782811421737463,13.1722979241646,0.0982597055450186,0.00790484980629319,25.5,f9a0423a1d3b0d2395df93743563d971
3754_CT1,4,4,0.782811421737463,13.1722979241646,0.0982597055450186,0.00790484980629319,25.5,f9a0423a1d3b0d2395df93743563d971
3754_CT1,5,1,0.782811421737463,13.1722979241646,0.0982597055450186,0.00790484980629319,25.5,f9a0423a1d3b0d2395df93743563d971
3754_CT1,5,2,0.782811421737463,13.1722979241646,0.0982597055450186,0.00790484980629319,25.5,f9a0423a1d3b0d2395df93743563d971
3754_CT1,5,3,0.782811421737463,13.1722979241646,0.0982597055450186,0.00790484980629319,25.5,f9a0423a1d3b0d2395df93743563d971
3754_CT1,5,4,0.782811421737463,13.1722979241646,0.0982597055450186,0.00790484980629319,25.5,f9a0423a1d3b0d2395df93743563d971
3754_CT2,1,1,0.782811421737463,13.1722979241646,0.0982597055450186,0.00790484980629319,25.5,f9a0423a1d3b0d2395df93743563d971
3754_CT2,1,2,0.782811421737463,13.1722979241646,0.0982597055450186,0.00790484980629319,25.5,f9a0423a1d3b0d2395df93743563d971
3754_CT2,1,3,0.782811421737463,13.1722979241646,0.0982597055450186,0.00790484980629319,25.5,f9a0423a1d3b0d2395df93743563d971
3754_CT2,1,4,0.782811421737463,13.1722979241646,0.0982597055450186,0.00790484980629319,25.5,f9a0423a1d3b0d2395df93743563d971
3754_CT2,2,1,0.782811421737463,13.1722979241646,0.0982597055450186,0.00790484980629319,25.5,f9a0423a1d3b0d2395df93743563d971
3754_CT2,2,2,0.782811421737463,13.1722979241646,0.0982597055450186,0.00790484980629319,25.5,f9a0423a1d3b0d2395df93743563d971
3754_CT2,2,3,0.782811421737463,13.1722979241646,0.0982597055450186,0.00790484980629319,25.5,f9a0423a1d3b0d2395df93743563d971
3754_CT2,2,4,0.782811421737463,13.1722979241646,0.0982597055450186,0.00790484980629319,25.5,f9a0423a1d3b0d2395df93743563d971
3754_CT2,3,1,0.782811421737463,13.1722979241646,0.0982597055450186,0.00790484980629319,25.5,f9a0423a1d3b0d2395df93743563d971
3754_CT2,3,2,0.782811421737463,13.1722979241646,0.0982597055450186,0.00790484980629319,25.5,f9a0423a1d3b0d2395df93743563d971
3754_CT2,3,3,0.782811421737463,13.1722979241646,0.0982597055450186,0.00790484980629319,25.5,f9a0423a1d3b0d2395df93743563d971
3754_CT2,3,4,0.782811421737463,13.1722979241646,0.0982597055450186,0.00790484980629319,25.5,f9a0423a1d3b0d2395df93743563d971
3754_CT2,4,1,0.782811421737463,13.1722979241646,0.0982597055450186,0.00790484980629319,25.5,f9a0423a1d3b0d2395df93743563d971
3754_CT2,4,2,0.782811421737463,13.1722979241646,0.0982597055450186,0.00790484980629319,25.5,f9a0423a1d3b0d2395df93743563d971
3754_CT2,4,3,0.782811421737463,13.1722979241646,0.0982597055450186,0.00790484980629319,25.5,f9a0423a1d3b0d2395df93743563d971
3754_CT2,4,4,0.782811421737463,13.1722979241646,0.0982597055450186,0.00790484980629319,25.5,f9a0423a1d3b0d2395df93743563d971
3754_CT2,5,1,0.782811421737463,13.1722979241646,0.0982597055450186,0.00790484980629319,25.5,f9a0423a1d3b0d2395df93743563d971
3754_CT2,5,2,0.782811421737463,13.1722979241646,0.0982597055450186,0.00790484980629319,25.5,f9a0423a1d3b0d2395df93743563d971
3754_CT2,5,3,0.782811421737463,13.1722979241646,0.0982597055450186,0.00790484980629319,25.5,f9a0423a1d3b0d2395df93743563d971
3754_CT2,5,4,0.782811421737463,13.1722979241646,0.0982597055450186,0.00790484980629319,25.5,f9a0423a1d3b0d2395df93743563d971
50002_1,1,1,0.728041362334954,11.9127859486313,0.250716895169249,0.00429651113034719,93.4,f9a0423a1d3b0d2395df93743563d971
50002_1,1,2,0.728041362334954,11.9127859486313,0.250716895169249,0.00429651113034719,93.4,f9a0423a1d3b0d2395df93743563d971
50002_1,1,3,0.728041362334954,11.9127859486313,0.250716895169249,0.00429651113034719,93.4,f9a0423a1d3b0d2395df93743563d971
50002_1,1,4,0.728041362334954,11.9127859486313,0.250716895169249,0.00429651113034719,93.4,f9a0423a1d3b0d2395df93743563d971
50002_1,2,1,0.728041362334954,11.9127859486313,0.243975453263039,0.00429651113034719,93.4,f9a0423a1d3b0d2395df93743563d971
50002_1,2,2,0.728041362334954,11.9127859486313,0.227850230060277,0.00429651113034719,93.4,f9a0423a1d3b0d2395df93743563d971
50002_1,2,3,0.728041362334954,11.9127859486313,0.243975453263039,0.00429651113034719,93.4,f9a0423a1d3b0d2395df93743563d971
50002_1,2,4,0.728041362334954,11.9127859486313,0.243975453263039,0.00429651113034719,93.4,f9a0423a1d3b0d2395df93743563d971
50002_1,3,1,0.728041362334954,11.9127859486313,0.250716895169249,0.00429651113034719,93.4,f9a0423a1d3b0d2395df93743563d971
50002_1,3,2,0.728041362334954,11.9127859486313,0.250716895169249,0.00429651113034719,93.4,f9a0423a1d3b0d2395df93743563d971
50002_1,3,3,0.728041362334954,11.9127859486313,0.250716895169249,0.00429651113034719,93.4,f9a0423a1d3b0d2395df93743563d971
50002_1,3,4,0.728041362334954,11.9127859486313,0.250716895169249,0.00429651113034719,93.4,f9a0423a1d3b0d2395df93743563d971
50002_1,4,1,0.728041362334954,11.9127859486313,0.250716895169249,0.00429651113034719,93.4,f9a0423a1d3b0d2395df93743563d971
50002_1,4,2,0.728041362334954,11.9127859486313,0.250716895169249,0.00429651113034719,93.4,f9a0423a1d3b0d2395df93743563d971
50002_1,4,3,0.728041362334954,11.9127859486313,0.250716895169249,0.00429651113034719,93.4,f9a0423a1d3b0d2395df93743563d971
50002_1,4,4,0.728041362334954,11.9127859486313,0.250716895169249,0.00429651113034719,93.4,f9a0423a1d3b0d2395df93743563d971
50002_1,5,1,0.728041362334954,11.9127859486313,0.250716895169249,0.00429651113034719,93.4,f9a0423a1d3b0d2395df93743563d971
50002_1,5,2,0.728041362334954,11.9127859486313,0.250716895169249,0.00429651113034719,93.4,f9a0423a1d3b0d2395df93743563d971
50002_1,5,3,0.728041362334954,11.9127859486313,0.250716895169249,0.00429651113034719,93.4,f9a0423a1d3b0d2395df93743563d971
50002_1,5,4,0.728041362334954,11.9127859486313,0.250716895169249,0.00429651113034719,93.4,f9a0423a1d3b0d2395df93743563d971
50002_2,1,1,0.741627680763352,12.1247032632359,0.231310689544299,0.00429651113034719,93.4,f9a0423a1d3b0d2395df93743563d971
50002_2,1,2,0.741627680763352,12.1247032632359,0.231310689544299,0.00429651113034719,93.4,f9a0423a1d3b0d2395df93743563d971
50002_2,1,3,0.741627680763352,12.1247032632359,0.231310689544299,0.00429651113034719,93.4,f9a0423a1d3b0d2395df93743563d971
50002_2,1,4,0.741627680763352,12.1247032632359,0.231310689544299,0.00429651113034719,93.4,f9a0423a1d3b0d2395df93743563d971
50002_2,2,1,0.741627680763352,12.1247032632359,0.227069908707659,0.00429651113034719,93.4,f9a0423a1d3b0d2395df93743563d971
50002_2,2,2,0.741627680763352,12.1247032632359,0.215053585273741,0.00429651113034719,93.4,f9a0423a1d3b0d2395df93743563d971
50002_2,2,3,0.741627680763352,12.1247032632359,0.227069908707659,0.00429651113034719,93.4,f9a0423a1d3b0d2395df93743563d971
50002_2,2,4,0.741627680763352,12.1247032632359,0.227069908707659,0.00429651113034719,93.4,f9a0423a1d3b0d2395df93743563d971
50002_2,3,1,0.741627680763352,12.1247032632359,0.231310689544299,0.00429651113034719,93.4,f9a0423a1d3b0d2395df93743563d971
50002_2,3,2,0.741627680763352,12.1247032632359,0.231310689544299,0.00429651113034719,93.4,f9a0423a1d3b0d2395df93743563d971
50002_2,3,3,0.741627680763352,12.1247032632359,0.231310689544299,0.00429651113034719,93.4,f9a0423a1d3b0d2395df93743563d971
50002_2,3,4,0.741627680763352,12.1247032632359,0.231310689544299,0.00429651113034719,93.4,f9a0423a1d3b0d2395df93743563d971
50002_2,4,1,0.741627680763352,12.1247032632359,0.231310689544299,0.00429651113034719,93.4,f9a0423a1d3b0d2395df93743563d971
50002_2,4,2,0.741627680763352,12.1247032632359,0.231310689544299,0.00429651113034719,93.4,f9a0423a1d3b0d2395df93743563d971
50002_2,4,3,0.741627680763352,12.1247032632359,0.231310689544299,0.00429651113034719,93.4,f9a0423a1d3b0d2395df93743563d971
50002_2,4,4,0.741627680763352,12.1247032632359,0.231310689544299,0.00429651113034719,93.4,f9a0423a1d3b0d2395df93743563d971
50002_2,5,1,0.741627680763352,12.1247032632359,0.231310689544299,0.00429651113034719,93.4,f9a0423a1d3b0d2395df93743563d971
50002_2,5,2,0.741627680763352,12.1247032632359,0.231310689544299,0.00429651113034719,93.4,f9a0423a1d3b0d2395df93743563d971
50002_2,5,3,0.741627680763352,12.1247032632359,0.231310689544299,0.00429651113034719,93.4,f9a0423a1d3b0d2395df93743563d971
50002_2,5,4,0.741627680763352,12.1247032632359,0.231310689544299,0.00429651113034719,93.4,f9a0423a1d3b0d2395df93743563d971
50002_3,1,1,0.723317883444927,11.844454465635,0.210636959922975,0.00429651113034719,93.4,f9a0423a1d3b0d2395df93743563d971
50002_3,1,2,0.723317883444927,11.844454465635,0.210636959922975,0.00429651113034719,93.4,f9a0423a1d3b0d2395df93743563d971
50002_3,1,3,0.723317883444927,11.844454465635,0.210636959922975,0.00429651113034719,93.4,f9a0423a1d3b0d2395df93743563d971
50002_3,1,4,0.723317883444927,11.844454465635,0.210636959922975,0.00429651113034719,93.4,f9a0423a1d3b0d2395df93743563d971
50002_3,2,1,0.723317883444927,11.844454465635,0.206218675651848,0.00429651113034719,93.4,f9a0423a1d3b0d2395df93743563d971
50002_3,2,2,0.723317883444927,11.844454465635,0.199484239943653,0.00429651113034719,93.4,f9a0423a1d3b0d2395df93743563d971
50002_3,2,3,0.723317883444927,11.844454465635,0.206218675651848,0.00429651113034719,93.4,f9a0423a1d3b0d2395df93743563d971
50002_3,2,4,0.723317883444927,11.844454465635,0.206218675651848,0.00429651113034719,93.4,f9a0423a1d3b0d2395df93743563d971
50002_3,3,1,0.723317883444927,11.844454465635,0.210636959922975,0.00429651113034719,93.4,f9a0423a1d3b0d2395df93743563d971
50002_3,3,2,0.723317883444927,11.844454465635,0.210636959922975,0.00429651113034719,93.4,f9a0423a1d3b0d2395df93743563d971
50002_3,3,3,0.723317883444927,11.844454465635,0.210636959922975,0.00429651113034719,93.4,f9a0423a1d3b0d2395df93743563d971
50002_3,3,4,0.723317883444927,11.844454465635,0.210636959922975,0.00429651113034719,93.4,f9a0423a1d3b0d2395df93743563d971
50002_3,4,1,0.723317883444927,11.844454465635,0.210636959922975,0.00429651113034719,93.4,f9a0423a1d3b0d2395df93743563d971
50002_3,4,2,0.723317883444927,11.844454465635,0.210636959922975,0.00429651113034719,93.4,f9a0423a1d3b0d2395df93743563d971
50002_3,4,3,0.723317883444927,11.844454465635,0.210636959922975,0.00429651113034719,93.4,f9a0423a1d3b0d2395df93743563d971
50002_3,4,4,0.723317883444927,11.844454465635,0.210636959922975,0.00429651113034719,93.4,f9a0423a1d3b0d2395df93743563d971
50002_3,5,1,0.723317883444927,11.844454465635,0.210636959922975,0.00429651113034719,93.4,f9a0423a1d3b0d2395df93743563d971
50002_3,5,2,0.723317883444927,11.844454465635,0.210636959922975,0.00429651113034719,93.4,f9a0423a1d3b0d2395df93743563d971
50002_3,5,3,0.723317883444927,11.844454465635,0.210636959922975,0.00429651113034719,93.4,f9a0423a1d3b0d2395df93743563d971
50002_3,5,4,0.723317883444927,11.844454465635,0.210636959922975,0.00429651113034719,93.4,f9a0423a1d3b0d2395df93743563d971
51026_1,1,1,1.48399740711215,14.2396124900624,0.552007746896025,0.0125424281403369,20,f9a0423a1d3b0d2395df93743563d971
51026_1,1,2,1.48399740711215,14.2396124900624,0.552007746896025,0.0125424281403369,20,f9a0423a1d3b0d2395df93743563d971
51026_1,1,3,1.48399740711215,14.2396124900624,0.552007746896025,0.0125424281403369,20,f9a0423a1d3b0d2395df93743563d971
51026_1,1,4,1.48399740711215,14.2396124900624,0.552007746896025,0.0125424281403369,20,f9a0423a1d3b0d2395df93743563d971
51026_1,2,1,1.48399740711215,14.2396124900624,0.552007746896025,0.0125424281403369,20,f9a0423a1d3b0d2395df93743563d971
51026_1,2,2,1.48399740711215,14.2396124900624,0.552007746896025,0.0125424281403369,20,f9a0423a1d3b0d2395df93743563d971
51026_1,2,3,1.48399740711215,14.2396124900624,0.552007746896025,0.0125424281403369,20,f9a0423a1d3b0d2395df93743563d971
51026_1,2,4,1.48399740711215,14.2396124900624,0.552007746896025,0.0125424281403369,20,f9a0423a1d3b0d2395df93743563d971
51026_1,3,1,1.48399740711215,14.2396124900624,0.552007746896025,0.0125424281403369,20,f9a0423a1d3b0d2395df93743563d971
51026_1,3,2,1.48399740711215,14.2396124900624,0.552007746896025,0.0125424281403369,20,f9a0423a1d3b0d2395df93743563d971
51026_1,3,3,1.48399740711215,14.2396124900624,0.552007746896025,0.0125424281403369,20,f9a0423a1d3b0d2395df93743563d971
51026_1,3,4,1.48399740711215,14.2396124900624,0.552007746896025,0.0125424281403369,20,f9a0423a1d3b0d2395df93743563d971
51026_1,4,1,1.48399740711215,14.2396124900624,0.552007746896025,0.0125424281403369,20,f9a0423a1d3b0d2395df93743563d971
51026_1,4,2,1.48399740711215,14.2396124900624,0.552007746896025,0.0125424281403369,20,f9a0423a1d3b0d2395df93743563d971
51026_1,4,3,1.48399740711215,14.2396124900624,0.552007746896025,0.0125424281403369,20,f9a0423a1d3b0d2395df93743563d971
51026_1,4,4,1.48399740711215,14.2396124900624,0.552007746896025,0.0125424281403369,20,f9a0423a1d3b0d2395df93743563d971
51026_1,5,1,1.48399740711215,14.2396124900624,0.552007746896025,0.0125424281403369,20,f9a0423a1d3b0d2395df93743563d971
51026_1,5,2,1.48399740711215,14.2396124900624,0.552007746896025,0.0125424281403369,20,f9a0423a1d3b0d2395df93743563d971
51026_1,5,3,1.48399740711215,14.2396124900624,0.552007746896025,0.0125424281403369,20,f9a0423a1d3b0d2395df93743563d971
51026_1,5,4,1.48399740711215,14.2396124900624,0.552007746896025,0.0125424281403369,20,f9a0423a1d3b0d2395df93743563d971
51030_1,1,1,0.922004351786257,15.4593209189353,0.294015204436521,0.00930528286610667,171.4,f9a0423a1d3b0d2395df93743563d971
51030_1,1,2,0.865514737033226,14.5621557828482,0.294015204436521,0.00874048296314229,171.4,f9a0423a1d3b0d2395df93743563d971
51030_1,1,3,0.922004351786257,15.4593209189353,0.294015204436521,0.00930528286610667,171.4,f9a0423a1d3b0d2395df93743563d971
51030_1,1,4,0.922004351786257,15.4593209189353,0.294015204436521,0.00930528286610667,171.4,f9a0423a1d3b0d2395df93743563d971
51030_1,2,1,0.754145790494946,12.5611514958441,0.294015204436521,0.0076234759187929,171.4,f9a0423a1d3b0d2395df93743563d971
51030_1,2,2,0.722971506057543,12.1409362261483,0.294015204436521,0.00730352431321745,171.4,f9a0423a1d3b0d2395df93743563d971
51030_1,2,3,0.712889289134103,11.9264842004469,0.294015204436521,0.00721045551958415,171.4,f9a0423a1d3b0d2395df93743563d971
51030_1,2,4,0.723224510568779,12.1406996501271,0.294015204436521,0.00730624437286382,171.4,f9a0423a1d3b0d2395df93743563d971
51030_1,3,1,0.697981958593659,11.6859963179773,0.294015204436521,0.00705338301622817,171.4,f9a0423a1d3b0d2395df93743563d971
51030_1,3,2,0.698676936634173,11.7023047219227,0.294015204436521,0.0070609616258258,171.4,f9a0423a1d3b0d2395df93743563d971
51030_1,3,3,0.689189621716778,11.4941427113965,0.294015204436521,0.00696989337654284,171.4,f9a0423a1d3b0d2395df93743563d971
51030_1,3,4,0.697981958593659,11.6859963179773,0.294015204436521,0.00705338301622817,171.4,f9a0423a1d3b0d2395df93743563d971
51030_1,4,1,0.718749965429848,12.0562784742818,0.294015204436521,0.00726153546049471,171.4,f9a0423a1d3b0d2395df93743563d971
51030_1,4,2,0.718749965429848,12.0562784742818,0.294015204436521,0.00726153546049471,171.4,f9a0423a1d3b0d2395df93743563d971
51030_1,4,3,0.718749965429848,12.0562784742818,0.294015204436521,0.00726153546049471,171.4,f9a0423a1d3b0d2395df93743563d971
51030_1,4,4,0.718749965429848,12.0562784742818,0.294015204436521,0.00726153546049471,171.4,f9a0423a1d3b0d2395df93743563d971
51030_1,5,1,0.718749965429848,12.0562784742818,0.294015204436521,0.00726153546049471,171.4,f9a0423a1d3b0d2395df93743563d971
51030_1,5,2,0.718749965429848,12.0562784742818,0.294015204436521,0.00726153546049471,171.4,f9a0423a1d3b0d2395df93743563d971
51030_1,5,3,0.718749965429848,12.0562784742818,0.294015204436521,0.00726153546049471,171.4,f9a0423a1d3b0d2395df93743563d971
51030_1,5,4,0.718749965429848,12.0562784742818,0.294015204436521,0.00726153546049471,171.4,f9a0423a1d3b0d2395df93743563d971
51030_2,1,1,0.904292277163128,15.1503955201566,0.320957034366063,0.00911631826460435,171.4,f9a0423a1d3b0d2395df93743563d971
51030_2,1,2,0.904292277163128,15.1503955201566,0.320957034366063,0.00911631826460435,171.4,f9a0423a1d3b0d2395df93743563d971
51030_2,1,3,0.904292277163128,15.1503955201566,0.320957034366063,0.00911631826460435,171.4,f9a0423a1d3b0d2395df93743563d971
51030_2,1,4,0.904292277163128,15.1503955201566,0.320957034366063,0.00911631826460435,171.4,f9a0423a1d3b0d2395df93743563d971
51030_2,2,1,0.742508141284374,12.4618616804689,0.320957034366063,0.00750113106818079,171.4,f9a0423a1d3b0d2395df93743563d971
51030_2,2,2,0.742508141284374,12.4618616804689,0.320957034366063,0.00750113106818079,171.4,f9a0423a1d3b0d2395df93743563d971
51030_2,2,3,0.742508141284374,12.4618616804689,0.320957034366063,0.00750113106818079,171.4,f9a0423a1d3b0d2395df93743563d971
51030_2,2,4,0.742508141284374,12.4618616804689,0.320957034366063,0.00750113106818079,171.4,f9a0423a1d3b0d2395df93743563d971
51030_2,3,1,0.72132493038253,12.0251344605368,0.320957034366063,0.00727353336975204,171.4,f9a0423a1d3b0d2395df93743563d971
51030_2,3,2,0.72132493038253,12.0251344605368,0.320957034366063,0.00727353336975204,171.4,f9a0423a1d3b0d2395df93743563d971
51030_2,3,3,0.72132493038253,12.0251344605368,0.320957034366063,0.00727353336975204,171.4,f9a0423a1d3b0d2395df93743563d971
51030_2,3,4,0.72132493038253,12.0251344605368,0.320957034366063,0.00727353336975204,171.4,f9a0423a1d3b0d2395df93743563d971
51030_2,4,1,0.741109339683958,12.4237442719415,0.320957034366063,0.0074843369059497,171.4,f9a0423a1d3b0d2395df93743563d971
51030_2,4,2,0.741109339683958,12.4237442719415,0.320957034366063,0.0074843369059497,171.4,f9a0423a1d3b0d2395df93743563d971
51030_2,4,3,0.741109339683958,12.4237442719415,0.320957034366063,0.0074843369059497,171.4,f9a0423a1d3b0d2395df93743563d971
51030_2,4,4,0.741109339683958,12.4237442719415,0.320957034366063,0.0074843369059497,171.4,f9a0423a1d3b0d2395df93743563d971
51030_2,5,1,0.741109339683958,12.4237442719415,0.320957034366063,0.0074843369059497,171.4,f9a0423a1d3b0d2395df93743563d971
51030_2,5,2,0.741109339683958,12.4237442719415,0.320957034366063,0.0074843369059497,171.4,f9a0423a1d3b0d2395df93743563d971
51030_2,5,3,0.741109339683958,12.4237442719415,0.320957034366063,0.0074843369059497,171.4,f9a0423a1d3b0d2395df93743563d971
51030_2,5,4,0.741109339683958,12.4237442719415,0.320957034366063,0.0074843369059497,171.4,f9a0423a1d3b0d2395df93743563d971
52026_1,1,1,1.16405447644564,19.4027014958696,1.64285714285714,0.0235208751953561,77,f9a0423a1d3b0d2395df93743563d971
52026_1,1,2,1.16405447644564,19.4027014958696,1.64285714285714,0.0235208751953561,77,f9a0423a1d3b0d2395df93743563d971
52026_1,1,3,1.16405447644564,19.4027014958696,1.64285714285714,0.0235208751953561,77,f9a0423a1d3b0d2395df93743563d971
52026_1,1,4,1.16405447644564,19.4027014958696,1.64285714285714,0.0235208751953561,77,f9a0423a1d3b0d2395df93743563d971
52026_1,2,1,0.63710063260858,10.5938014991229,0.427156157662931,0.0105148051671894,77,f9a0423a1d3b0d2395df93743563d971
52026_1,2,2,0.63710063260858,10.5938014991229,0.427156157662931,0.0105148051671894,77,f9a0423a1d3b0d2395df93743563d971
52026_1,2,3,0.582718299164768,9.70809415337889,0.274947094253622,0.0105148051671894,77,f9a0423a1d3b0d2395df93743563d971
52026_1,2,4,0.63710063260858,10.5938014991229,0.427156157662931,0.0105148051671894,77,f9a0423a1d3b0d2395df93743563d971
52026_1,3,1,0.480052978006101,8.02644886819714,0.234420334779913,0.00725396321417934,77,f9a0423a1d3b0d2395df93743563d971
52026_1,3,2,0.478340146580656,7.9750690908584,0.238083503762576,0.00725396321417934,77,f9a0423a1d3b0d2395df93743563d971
52026_1,3,3,0.482897087378641,8.05329190938512,0.245351565660652,0.00725396321417934,77,f9a0423a1d3b0d2395df93743563d971
52026_1,3,4,0.479140402595541,7.99005061249266,0.238783554983141,0.00725396321417934,77,f9a0423a1d3b0d2395df93743563d971
52026_1,4,1,0.477779403706287,7.97628617863904,0.237643186896918,0.00797746289471063,77,f9a0423a1d3b0d2395df93743563d971
52026_1,4,2,0.477780964551778,7.98300162646491,0.237521446581229,0.00797746289471063,77,f9a0423a1d3b0d2395df93743563d971
52026_1,4,3,0.478072513018605,7.9405398137056,0.237411455171018,0.00797746289471063,77,f9a0423a1d3b0d2395df93743563d971
52026_1,4,4,0.477779403706287,7.97628617863904,0.237643186896918,0.00797746289471063,77,f9a0423a1d3b0d2395df93743563d971
52026_1,5,1,0.486905639329894,8.12126793148685,0.252044443011975,0.00791962983775171,77,f9a0423a1d3b0d2395df93743563d971
52026_1,5,2,0.486905639329894,8.12126793148685,0.252044443011975,0.00791962983775171,77,f9a0423a1d3b0d2395df93743563d971
52026_1,5,3,0.486905639329894,8.12126793148685,0.252044443011975,0.00791962983775171,77,f9a0423a1d3b0d2395df93743563d971
52026_1,5,4,0.486905639329894,8.12126793148685,0.252044443011975,0.00791962983775171,77,f9a0423a1d3b0d2395df93743563d971
52026_2,1,1,0.660553798984383,11.0423876592891,0.110466601860853,0.00790484980629319,24.7,f9a0423a1d3b0d2395df93743563d971
52026_2,1,2,0.660553798984383,11.0423876592891,0.110466601860853,0.00790484980629319,24.7,f9a0423a1d3b0d2395df93743563d971
52026_2,1,3,0.660553798984383,11.0423876592891,0.110466601860853,0.00790484980629319,24.7,f9a0423a1d3b0d2395df93743563d971
52026_2,1,4,0.660553798984383,11.0423876592891,0.110466601860853,0.00790484980629319,24.7,f9a0423a1d3b0d2395df93743563d971
52026_2,2,1,0.660553798984383,11.0423876592891,0.110466601860853,0.00790484980629319,24.7,f9a0423a1d3b0d2395df93743563d971
52026_2,2,2,0.660553798984383,11.0423876592891,0.110466601860853,0.00790484980629319,24.7,f9a0423a1d3b0d2395df93743563d971
52026_2,2,3,0.660553798984383,11.0423876592891,0.110466601860853,0.00790484980629319,24.7,f9a0423a1d3b0d2395df93743563d971
52026_2,2,4,0.660553798984383,11.0423876592891,0.110466601860853,0.00790484980629319,24.7,f9a0423a1d3b0d2395df93743563d971
52026_2,3,1,0.660553798984383,11.2574363692119,0.224643521388717,0.00790484980629319,24.7,f9a0423a1d3b0d2395df93743563d971
52026_2,3,2,0.660553798984383,11.2574363692119,0.224643521388717,0.00790484980629319,24.7,f9a0423a1d3b0d2395df93743563d971
52026_2,3,3,0.660553798984383,11.2574363692119,0.224643521388717,0.00790484980629319,24.7,f9a0423a1d3b0d2395df93743563d971
52026_2,3,4,0.660553798984383,11.2574363692119,0.224643521388717,0.00790484980629319,24.7,f9a0423a1d3b0d2395df93743563d971
52026_2,4,1,0.660553798984383,11.0322018598387,0.105101996306905,0.00790484980629319,24.7,f9a0423a1d3b0d2395df93743563d971
52026_2,4,2,0.660553798984383,11.0322018598387,0.0926857800720466,0.00790484980629319,24.7,f9a0423a1d3b0d2395df93743563d971
52026_2,4,3,0.660553798984383,11.0322018598387,0.105101996306905,0.00790484980629319,24.7,f9a0423a1d3b0d2395df93743563d971
52026_2,4,4,0.660553798984383,11.0322018598387,0.105101996306905,0.00790484980629319,24.7,f9a0423a1d3b0d2395df93743563d971
52026_2,5,1,0.660553798984383,11.0423876592891,0.110466601860853,0.00790484980629319,24.7,f9a0423a1d3b0d2395df93743563d971
52026_2,5,2,0.660553798984383,11.0423876592891,0.110466601860853,0.00790484980629319,24.7,f9a0423a1d3b0d2395df93743563d971
52026_2,5,3,0.660553798984383,11.0423876592891,0.110466601860853,0.00790484980629319,24.7,f9a0423a1d3b0d2395df93743563d971
52026_2,5,4,0.660553798984383,11.0423876592891,0.110466601860853,0.00790484980629319,24.7,f9a0423a1d3b0d2395df93743563d971
542_13,1,1,0.782811421737463,13.1722979241646,18.2012578616352,0.00790484980629319,20,f9a0423a1d3b0d2395df93743563d971
542_13,1,2,0.782811421737463,13.1722979241646,18.2012578616352,0.00790484980629319,20,f9a0423a1d3b0d2395df93743563d971
542_13,1,3,0.782811421737463,13.1722979241646,18.2012578616352,0.00790484980629319,20,f9a0423a1d3b0d2395df93743563d971
542_13,1,4,0.782811421737463,13.1722979241646,18.2012578616352,0.00790484980629319,20,f9a0423a1d3b0d2395df93743563d971
542_13,2,1,0.782811421737463,13.1722979241646,18.2012578616352,0.00790484980629319,20,f9a0423a1d3b0d2395df93743563d971
542_13,2,2,0.782811421737463,13.1722979241646,18.2012578616352,0.00790484980629319,20,f9a0423a1d3b0d2395df93743563d971
542_13,2,3,0.782811421737463,13.1722979241646,18.2012578616352,0.00790484980629319,20,f9a0423a1d3b0d2395df93743563d971
542_13,2,4,0.782811421737463,13.1722979241646,18.2012578616352,0.00790484980629319,20,f9a0423a1d3b0d2395df93743563d971
542_13,3,1,0.782811421737463,13.1722979241646,18.2012578616352,0.00790484980629319,20,f9a0423a1d3b0d2395df93743563d971
542_13,3,2,0.782811421737463,13.1722979241646,18.2012578616352,0.00790484980629319,20,f9a0423a1d3b0d2395df93743563d971
542_13,3,3,0.782811421737463,13.1722979241646,18.2012578616352,0.00790484980629319,20,f9a0423a1d3b0d2395df93743563d971
542_13,3,4,0.782811421737463,13.1722979241646,18.2012578616352,0.00790484980629319,20,f9a0423a1d3b0d2395df93743563d971
542_13,4,1,0.782811421737463,13.1722979241646,18.2012578616352,0.00790484980629319,20,f9a0423a1d3b0d2395df93743563d971
542_13,4,2,0.782811421737463,13.1722979241646,18.2012578616352,0.00790484980629319,20,f9a0423a1d3b0d2395df93743563d971
542_13,4,3,0.782811421737463,13.1722979241646,18.2012578616352,0.00790484980629319,20,f9a0423a1d3b0d2395df93743563d971
542_13,4,4,0.782811421737463,13.1722979241646,18.2012578616352,0.00790484980629319,20,f9a0423a1d3b0d2395df93743563d971
542_13,5,1,0.782811421737463,13.1722979241646,18.2012578616352,0.00790484980629319,20,f9a0423a1d3b0d2395df93743563d971
542_13,5,2,0.782811421737463,13.1722979241646,18.2012578616352,0.00790484980629319,20,f9a0423a1d3b0d2395df93743563d971
542_13,5,3,0.782811421737463,13.1722979241646,18.2012578616352,0.00790484980629319,20,f9a0423a1d3b0d2395df93743563d971
542_13,5,4,0.782811421737463,13.1722979241646,18.2012578616352,0.00790484980629319,20,f9a0423a1d3b0d2395df93743563d971
542_14,1,1,0.782811421737463,13.1722979241646,16.3363199300699,0.00790484980629319,20,f9a0423a1d3b0d2395df93743563d971
542_14,1,2,0.782811421737463,13.1722979241646,16.3363199300699,0.00790484980629319,20,f9a0423a1d3b0d2395df93743563d971
542_14,1,3,0.782811421737463,13.1722979241646,16.3363199300699,0.00790484980629319,20,f9a0423a1d3b0d2395df93743563d971
542_14,1,4,0.782811421737463,13.1722979241646,16.3363199300699,0.00790484980629319,20,f9a0423a1d3b0d2395df93743563d971
542_14,2,1,0.782811421737463,13.1722979241646,16.3363199300699,0.00790484980629319,20,f9a0423a1d3b0d2395df93743563d971
542_14,2,2,0.782811421737463,13.1722979241646,16.3363199300699,0.00790484980629319,20,f9a0423a1d3b0d2395df93743563d971
542_14,2,3,0.782811421737463,13.1722979241646,16.3363199300699,0.00790484980629319,20,f9a0423a1d3b0d2395df93743563d971
542_14,2,4,0.782811421737463,13.1722979241646,16.3363199300699,0.00790484980629319,20,f9a0423a1d3b0d2395df93743563d971
542_14,3,1,0.782811421737463,13.1722979241646,16.3363199300699,0.00790484980629319,20,f9a0423a1d3b0d2395df93743563d971
542_14,3,2,0.782811421737463,13.1722979241646,16.3363199300699,0.00790484980629319,20,f9a0423a1d3b0d2395df93743563d971
542_14,3,3,0.782811421737463,13.1722979241646,16.3363199300699,0.00790484980629319,20,f9a0423a1d3b0d2395df93743563d971
542_14,3,4,0.782811421737463,13.1722979241646,16.3363199300699,0.00790484980629319,20,f9a0423a1d3b0d2395df93743563d971
542_14,4,1,0.782811421737463,13.1722979241646,16.3363199300699,0.00790484980629319,20,f9a0423a1d3b0d2395df93743563d971
542_14,4,2,0.782811421737463,13.1722979241646,16.3363199300699,0.00790484980629319,20,f9a0423a1d3b0d2395df93743563d971
542_14,4,3,0.782811421737463,13.1722979241646,16.3363199300699,0.00790484980629319,20,f9a0423a1d3b0d2395df93743563d971
542_14,4,4,0.782811421737463,13.1722979241646,16.3363199300699,0.00790484980629319,20,f9a0423a1d3b0d2395df93743563d971
542_14,5,1,0.782811421737463,13.1722979241646,16.3363199300699,0.00790484980629319,20,f9a0423a1d3b0d2395df93743563d971
542_14,5,2,0.782811421737463,13.1722979241646,16.3363199300699,0.00790484980629319,20,f9a0423a1d3b0d2395df93743563d971
542_14,5,3,0.782811421737463,13.1722979241646,16.3363199300699,0.00790484980629319,20,f9a0423a1d3b0d2395df93743563d971
542_14,5,4,0.782811421737463,13.1722979241646,16.3363199300699,0.00790484980629319,20,f9a0423a1d3b0d2395df93743563d971
54324_3,1,1,0.93311130390977,15.6145951694607,0.341621278646845,0.00942310598639837,171.4,f9a0423a1d3b0d2395df93743563d971
54324_3,1,2,0.93311130390977,15.6145951694607,0.341621278646845,0.00942310598639837,171.4,f9a0423a1d3b0d2395df93743563d971
54324_3,1,3,0.93311130390977,15.6145951694607,0.341621278646845,0.00942310598639837,171.4,f9a0423a1d3b0d2395df93743563d971
54324_3,1,4,0.93311130390977,15.6145951694607,0.341621278646845,0.00942310598639837,171.4,f9a0423a1d3b0d2395df93743563d971
54324_3,2,1,0.774002069945136,13.0040978577124,0.341621278646845,0.00781536300606726,171.4,f9a0423a1d3b0d2395df93743563d971
54324_3,2,2,0.774002069945136,13.0040978577124,0.341621278646845,0.00781536300606726,171.4,f9a0423a1d3b0d2395df93743563d971
54324_3,2,3,0.774002069945136,13.0040978577124,0.341621278646845,0.00781536300606726,171.4,f9a0423a1d3b0d2395df93743563d971
54324_3,2,4,0.774002069945136,13.0040978577124,0.341621278646845,0.00781536300606726,171.4,f9a0423a1d3b0d2395df93743563d971
54324_3,3,1,0.754862685815067,12.6285255172028,0.341621278646845,0.00761997424484197,171.4,f9a0423a1d3b0d2395df93743563d971
54324_3,3,2,0.754862685815067,12.6285255172028,0.341621278646845,0.00761997424484197,171.4,f9a0423a1d3b0d2395df93743563d971
54324_3,3,3,0.754862685815067,12.6285255172028,0.341621278646845,0.00761997424484197,171.4,f9a0423a1d3b0d2395df93743563d971
54324_3,3,4,0.754862685815067,12.6285255172028,0.341621278646845,0.00761997424484197,171.4,f9a0423a1d3b0d2395df93743563d971
54324_3,4,1,0.773498443834835,12.9862195528862,0.341621278646845,0.00780996286806684,171.4,f9a0423a1d3b0d2395df93743563d971
54324_3,4,2,0.773498443834835,12.9862195528862,0.341621278646845,0.00780996286806684,171.4,f9a0423a1d3b0d2395df93743563d971
54324_3,4,3,0.773498443834835,12.9862195528862,0.341621278646845,0.00780996286806684,171.4,f9a0423a1d3b0d2395df93743563d971
54324_3,4,4,0.773498443834835,12.9862195528862,0.341621278646845,0.00780996286806684,171.4,f9a0423a1d3b0d2395df93743563d971
54324_3,5,1,0.773498443834835,12.9862195528862,0.341621278646845,0.00780996286806684,171.4,f9a0423a1d3b0d2395df93743563d971
54324_3,5,2,0.773498443834835,12.9862195528862,0.341621278646845,0.00780996286806684,171.4,f9a0423a1d3b0d2395df93743563d971
54324_3,5,3,0.773498443834835,12.9862195528862,0.341621278646845,0.00780996286806684,171.4,f9a0423a1d3b0d2395df93743563d971
54324_3,5,4,0.773498443834835,12.9862195528862,0.341621278646845,0.00780996286806684,171.4,f9a0423a1d3b0d2395df93743563d971
54324_4,1,1,0.930715490243315,15.5572934232715,1.02528006894005,0.00940481209347145,171.4,f9a0423a1d3b0d2395df93743563d971
54324_4,1,2,0.930715490243315,15.5572934232715,0.492256088668514,0.00940481209347145,171.4,f9a0423a1d3b0d2395df93743563d971
54324_4,1,3,0.930715490243315,15.5572934232715,1.02528006894005,0.00940481209347145,171.4,f9a0423a1d3b0d2395df93743563d971
54324_4,1,4,0.930715490243315,15.5572934232715,1.02528006894005,0.00940481209347145,171.4,f9a0423a1d3b0d2395df93743563d971
54324_4,2,1,0.762694658900078,12.8177537119453,0.319715319517957,0.00770163331134894,171.4,f9a0423a1d3b0d2395df93743563d971
54324_4,2,2,0.762694658900078,12.8177537119453,0.324783271404814,0.00770163331134894,171.4,f9a0423a1d3b0d2395df93743563d971
54324_4,2,3,0.762694658900078,12.8177537119453,0.383103437119161,0.00770163331134894,171.4,f9a0423a1d3b0d2395df93743563d971
54324_4,2,4,0.762694658900078,12.8177537119453,0.353627040350824,0.00770163331134894,171.4,f9a0423a1d3b0d2395df93743563d971
54324_4,3,1,0.736391587567467,12.3202438860972,0.330691298000959,0.00743700279173646,171.4,f9a0423a1d3b0d2395df93743563d971
54324_4,3,2,0.736391587567467,12.3202438860972,0.325972298952288,0.00743700279173646,171.4,f9a0423a1d3b0d2395df93743563d971
54324_4,3,3,0.736391587567467,12.3202438860972,0.339214885954382,0.00743700279173646,171.4,f9a0423a1d3b0d2395df93743563d971
54324_4,3,4,0.736391587567467,12.3202438860972,0.330691298000959,0.00743700279173646,171.4,f9a0423a1d3b0d2395df93743563d971
54324_4,4,1,0.757877809275916,12.7208419767227,0.356280007546197,0.00765334060274763,171.4,f9a0423a1d3b0d2395df93743563d971
54324_4,4,2,0.757877809275916,12.7208419767227,0.356280007546197,0.00765334060274763,171.4,f9a0423a1d3b0d2395df93743563d971
54324_4,4,3,0.757877809275916,12.7208419767227,0.356280007546197,0.00765334060274763,171.4,f9a0423a1d3b0d2395df93743563d971
54324_4,4,4,0.757877809275916,12.7208419767227,0.356280007546197,0.00765334060274763,171.4,f9a0423a1d3b0d2395df93743563d971
54324_4,5,1,0.757877809275916,12.7208419767227,0.356280007546197,0.00765334060274763,171.4,f9a0423a1d3b0d2395df93743563d971
54324_4,5,2,0.757877809275916,12.7208419767227,0.356280007546197,0.00765334060274763,171.4,f9a0423a1d3b0d2395df93743563d971
54324_4,5,3,0.757877809275916,12.7208419767227,0.356280007546197,0.00765334060274763,171.4,f9a0423a1d3b0d2395df93743563d971
54324_4,5,4,0.757877809275916,12.7208419767227,0.356280007546197,0.00765334060274763,171.4,f9a0423a1d3b0d2395df93743563d971
544_10,1,1,0.782811421737463,13.1722979241646,13.7410996835443,0.00790484980629319,18.6,f9a0423a1d3b0d2395df93743563d971
544_10,1,2,0.782811421737463,13.1722979241646,13.7410996835443,0.00790484980629319,18.6,f9a0423a1d3b0d2395df93743563d971
544_10,1,3,0.782811421737463,13.1722979241646,13.7410996835443,0.00790484980629319,18.6,f9a0423a1d3b0d2395df93743563d971
544_10,1,4,0.782811421737463,13.1722979241646,13.7410996835443,0.00790484980629319,18.6,f9a0423a1d3b0d2395df93743563d971
544_10,2,1,0.782811421737463,13.1722979241646,13.7410996835443,0.00790484980629319,18.6,f9a0423a1d3b0d2395df93743563d971
544_10,2,2,0.782811421737463,13.1722979241646,13.7410996835443,0.00790484980629319,18.6,f9a0423a1d3b0d2395df93743563d971
544_10,2,3,0.782811421737463,13.1722979241646,13.7410996835443,0.00790484980629319,18.6,f9a0423a1d3b0d2395df93743563d971
544_10,2,4,0.782811421737463,13.1722979241646,13.7410996835443,0.00790484980629319,18.6,f9a0423a1d3b0d2395df93743563d971
544_10,3,1,0.782811421737463,13.1722979241646,13.7410996835443,0.00790484980629319,18.6,f9a0423a1d3b0d2395df93743563d971
544_10,3,2,0.782811421737463,13.1722979241646,13.7410996835443,0.00790484980629319,18.6,f9a0423a1d3b0d2395df93743563d971
544_10,3,3,0.782811421737463,13.1722979241646,13.7410996835443,0.00790484980629319,18.6,f9a0423a1d3b0d2395df93743563d971
544_10,3,4,0.782811421737463,13.1722979241646,13.7410996835443,0.00790484980629319,18.6,f9a0423a1d3b0d2395df93743563d971
544_10,4,1,0.782811421737463,13.1722979241646,13.7410996835443,0.00790484980629319,18.6,f9a0423a1d3b0d2395df93743563d971
544_10,4,2,0.782811421737463,13.1722979241646,13.7410996835443,0.00790484980629319,18.6,f9a0423a1d3b0d2395df93743563d971
544_10,4,3,0.782811421737463,13.1722979241646,13.7410996835443,0.00790484980629319,18.6,f9a0423a1d3b0d2395df93743563d971
544_10,4,4,0.782811421737463,13.1722979241646,13.7410996835443,0.00790484980629319,18.6,f9a0423a1d3b0d2395df93743563d971
544_10,5,1,0.782811421737463,13.1722979241646,13.7410996835443,0.00790484980629319,18.6,f9a0423a1d3b0d2395df93743563d971
544_10,5,2,0.782811421737463,13.1722979241646,13.7410996835443,0.00790484980629319,18.6,f9a0423a1d3b0d2395df93743563d971
544_10,5,3,0.782811421737463,13.1722979241646,13.7410996835443,0.00790484980629319,18.6,f9a0423a1d3b0d2395df93743563d971
544_10,5,4,0.782811421737463,13.1722979241646,13.7410996835443,0.00790484980629319,18.6,f9a0423a1d3b0d2395df93743563d971
544_11,1,1,0.788451266925861,9.66825837265426,8.65767837511731,0.20353445502078,43,f9a0423a1d3b0d2395df93743563d971
544_11,1,2,0.788451266925861,9.66825837265426,8.65767837511731,0.20353445502078,43,f9a0423a1d3b0d2395df93743563d971
544_11,1,3,0.788451266925861,9.66825837265426,8.65767837511731,0.20353445502078,43,f9a0423a1d3b0d2395df93743563d971
544_11,1,4,0.788451266925861,9.66825837265426,8.65767837511731,0.20353445502078,43,f9a0423a1d3b0d2395df93743563d971
544_11,2,1,0.788451266925861,9.66825837265426,8.65767837511731,0.20353445502078,43,f9a0423a1d3b0d2395df93743563d971
544_11,2,2,0.788451266925861,9.66825837265426,8.65767837511731,0.20353445502078,43,f9a0423a1d3b0d2395df93743563d971
544_11,2,3,0.788451266925861,9.66825837265426,8.65767837511731,0.20353445502078,43,f9a0423a1d3b0d2395df93743563d971
544_11,2,4,0.788451266925861,9.66825837265426,8.65767837511731,0.20353445502078,43,f9a0423a1d3b0d2395df93743563d971
544_11,3,1,0.788451266925861,9.66825837265426,8.65767837511731,0.20353445502078,43,f9a0423a1d3b0d2395df93743563d971
544_11,3,2,0.788451266925861,9.66825837265426,8.65767837511731,0.20353445502078,43,f9a0423a1d3b0d2395df93743563d971
544_11,3,3,0.788451266925861,9.66825837265426,8.65767837511731,0.20353445502078,43,f9a0423a1d3b0d2395df93743563d971
544_11,3,4,0.788451266925861,9.66825837265426,8.65767837511731,0.20353445502078,43,f9a0423a1d3b0d2395df93743563d971
544_11,4,1,0.788451266925861,9.66825837265426,8.65767837511731,0.20353445502078,43,f9a0423a1d3b0d2395df93743563d971
544_11,4,2,0.788451266925861,9.66825837265426,8.65767837511731,0.20353445502078,43,f9a0423a1d3b0d2395df93743563d971
544_11,4,3,0.788451266925861,9.66825837265426,8.65767837511731,0.20353445502078,43,f9a0423a1d3b0d2395df93743563d971
544_11,4,4,0.788451266925861,9.66825837265426,8.65767837511731,0.20353445502078,43,f9a0423a1d3b0d2395df93743563d971
544_11,5,1,0.788451266925861,9.66825837265426,8.65767837511731,0.20353445502078,43,f9a0423a1d3b0d2395df93743563d971
544_11,5,2,0.788451266925861,9.66825837265426,8.65767837511731,0.20353445502078,43,f9a0423a1d3b0d2395df93743563d971
544_11,5,3,0.788451266925861,9.66825837265426,8.65767837511731,0.20353445502078,43,f9a0423a1d3b0d2395df93743563d971
544_11,5,4,0.788451266925861,9.66825837265426,8.65767837511731,0.20353445502078,43,f9a0423a1d3b0d2395df93743563d971
544_12,1,1,0.775150849082443,9.66825837265426,8.27179382360997,0.191558956450288,43,f9a0423a1d3b0d2395df93743563d971
544_12,1,2,0.775150849082443,9.66825837265426,8.27179382360997,0.191558956450288,43,f9a0423a1d3b0d2395df93743563d971
544_12,1,3,0.775150849082443,9.66825837265426,8.27179382360997,0.191558956450288,43,f9a0423a1d3b0d2395df93743563d971
544_12,1,4,0.775150849082443,9.66825837265426,8.27179382360997,0.191558956450288,43,f9a0423a1d3b0d2395df93743563d971
544_12,2,1,0.775150849082443,9.66825837265426,8.27179382360997,0.191558956450288,43,f9a0423a1d3b0d2395df93743563d971
544_12,2,2,0.775150849082443,9.66825837265426,8.27179382360997,0.191558956450288,43,f9a0423a1d3b0d2395df93743563d971
544_12,2,3,0.775150849082443,9.66825837265426,8.27179382360997,0.191558956450288,43,f9a0423a1d3b0d2395df93743563d971
544_12,2,4,0.775150849082443,9.66825837265426,8.27179382360997,0.191558956450288,43,f9a0423a1d3b0d2395df93743563d971
544_12,3,1,0.775150849082443,9.66825837265426,8.27179382360997,0.191558956450288,43,f9a0423a1d3b0d2395df93743563d971
544_12,3,2,0.775150849082443,9.66825837265426,8.27179382360997,0.191558956450288,43,f9a0423a1d3b0d2395df93743563d971
544_12,3,3,0.775150849082443,9.66825837265426,8.27179382360997,0.191558956450288,43,f9a0423a1d3b0d2395df93743563d971
544_12,3,4,0.775150849082443,9.66825837265426,8.27179382360997,0.191558956450288,43,f9a0423a1d3b0d2395df93743563d971
544_12,4,1,0.775150849082443,9.66825837265426,8.27179382360997,0.191558956450288,43,f9a0423a1d3b0d2395df93743563d971
544_12,4,2,0.775150849082443,9.66825837265426,8.27179382360997,0.191558956450288,43,f9a0423a1d3b0d2395df93743563d971
544_12,4,3,0.775150849082443,9.66825837265426,8.27179382360997,0.191558956450288,43,f9a0423a1d3b0d2395df93743563d971
544_12,4,4,0.775150849082443,9.66825837265426,8.27179382360997,0.191558956450288,43,f9a0423a1d3b0d2395df93743563d971
544_12,5,1,0.775150849082443,9.66825837265426,8.27179382360997,0.191558956450288,43,f9a0423a1d3b0d2395df93743563d971
544_12,5,2,0.775150849082443,9.66825837265426,8.27179382360997,0.191558956450288,43,f9a0423a1d3b0d2395df93743563d971
544_12,5,3,0.775150849082443,9.66825837265426,8.27179382360997,0.191558956450288,43,f9a0423a1d3b0d2395df93743563d971
544_12,5,4,0.775150849082443,9.66825837265426,8.27179382360997,0.191558956450288,43,f9a0423a1d3b0d2395df93743563d971
544_13,1,1,0.799909669555796,9.66825837265426,8.41366691495125,0.206212147887324,43,f9a0423a1d3b0d2395df93743563d971
544_13,1,2,0.799909669555796,9.66825837265426,8.41366691495125,0.206212147887324,43,f9a0423a1d3b0d2395df93743563d971
544_13,1,3,0.799909669555796,9.66825837265426,8.41366691495125,0.206212147887324,43,f9a0423a1d3b0d2395df93743563d971
544_13,1,4,0.799909669555796,9.66825837265426,8.41366691495125,0.206212147887324,43,f9a0423a1d3b0d2395df93743563d971
544_13,2,1,0.799909669555796,9.66825837265426,8.41366691495125,0.206212147887324,43,f9a0423a1d3b0d2395df93743563d971
544_13,2,2,0.799909669555796,9.66825837265426,8.41366691495125,0.206212147887324,43,f9a0423a1d3b0d2395df93743563d971
544_13,2,3,0.799909669555796,9.66825837265426,8.41366691495125,0.206212147887324,43,f9a0423a1d3b0d2395df93743563d971
544_13,2,4,0.799909669555796,9.66825837265426,8.41366691495125,0.206212147887324,43,f9a0423a1d3b0d2395df93743563d971
544_13,3,1,0.799909669555796,9.66825837265426,8.41366691495125,0.206212147887324,43,f9a0423a1d3b0d2395df93743563d971
544_13,3,2,0.799909669555796,9.66825837265426,8.41366691495125,0.206212147887324,43,f9a0423a1d3b0d2395df93743563d971
544_13,3,3,0.799909669555796,9.66825837265426,8.41366691495125,0.206212147887324,43,f9a0423a1d3b0d2395df93743563d971
544_13,3,4,0.799909669555796,9.66825837265426,8.41366691495125,0.206212147887324,43,f9a0423a1d3b0d2395df93743563d971
544_13,4,1,0.799909669555796,9.66825837265426,8.41366691495125,0.206212147887324,43,f9a0423a1d3b0d2395df93743563d971
544_13,4,2,0.799909669555796,9.66825837265426,8.41366691495125,0.206212147887324,43,f9a0423a1d3b0d2395df93743563d971
544_13,4,3,0.799909669555796,9.66825837265426,8.41366691495125,0.206212147887324,43,f9a0423a1d3b0d2395df93743563d971
544_13,4,4,0.799909669555796,9.66825837265426,8.41366691495125,0.206212147887324,43,f9a0423a1d3b0d2395df93743563d971
544_13,5,1,0.799909669555796,9.66825837265426,8.41366691495125,0.206212147887324,43,f9a0423a1d3b0d2395df93743563d971
544_13,5,2,0.799909669555796,9.66825837265426,8.41366691495125,0.206212147887324,43,f9a0423a1d3b0d2395df93743563d971
544_13,5,3,0.799909669555796,9.66825837265426,8.41366691495125,0.206212147887324,43,f9a0423a1d3b0d2395df93743563d971
544_13,5,4,0.799909669555796,9.66825837265426,8.41366691495125,0.206212147887324,43,f9a0423a1d3b0d2395df93743563d971
544_14,1,1,0.786147566496887,9.66825837265426,8.21361608658744,0.183764077532541,43,f9a0423a1d3b0d2395df93743563d971
544_14,1,2,0.786147566496887,9.66825837265426,8.21361608658744,0.183764077532541,43,f9a0423a1d3b0d2395df93743563d971
544_14,1,3,0.786147566496887,9.66825837265426,8.21361608658744,0.183764077532541,43,f9a0423a1d3b0d2395df93743563d971
544_14,1,4,0.786147566496887,9.66825837265426,8.21361608658744,0.183764077532541,43,f9a0423a1d3b0d2395df93743563d971
544_14,2,1,0.786147566496887,9.66825837265426,8.21361608658744,0.183764077532541,43,f9a0423a1d3b0d2395df93743563d971
544_14,2,2,0.786147566496887,9.66825837265426,8.21361608658744,0.183764077532541,43,f9a0423a1d3b0d2395df93743563d971
544_14,2,3,0.786147566496887,9.66825837265426,8.21361608658744,0.183764077532541,43,f9a0423a1d3b0d2395df93743563d971
544_14,2,4,0.786147566496887,9.66825837265426,8.21361608658744,0.183764077532541,43,f9a0423a1d3b0d2395df93743563d971
544_14,3,1,0.786147566496887,9.66825837265426,8.21361608658744,0.183764077532541,43,f9a0423a1d3b0d2395df93743563d971
544_14,3,2,0.786147566496887,9.66825837265426,8.21361608658744,0.183764077532541,43,f9a0423a1d3b0d2395df93743563d971
544_14,3,3,0.786147566496887,9.66825837265426,8.21361608658744,0.183764077532541,43,f9a0423a1d3b0d2395df93743563d971
544_14,3,4,0.786147566496887,9.66825837265426,8.21361608658744,0.183764077532541,43,f9a0423a1d3b0d2395df93743563d971
544_14,4,1,0.786147566496887,9.66825837265426,8.21361608658744,0.183764077532541,43,f9a0423a1d3b0d2395df93743563d971
544_14,4,2,0.786147566496887,9.66825837265426,8.21361608658744,0.183764077532541,43,f9a0423a1d3b0d2395df93743563d971
544_14,4,3,0.786147566496887,9.66825837265426,8.21361608658744,0.183764077532541,43,f9a0423a1d3b0d2395df93743563d971
544_14,4,4,0.786147566496887,9.66825837265426,8.21361608658744,0.183764077532541,43,f9a0423a1d3b0d2395df93743563d971
544_14,5,1,0.786147566496887,9.66825837265426,8.21361608658744,0.183764077532541,43,f9a0423a1d3b0d2395df93743563d971
544_14,5,2,0.786147566496887,9.66825837265426,8.21361608658744,0.183764077532541,43,f9a0423a1d3b0d2395df93743563d971
544_14,5,3,0.786147566496887,9.66825837265426,8.21361608658744,0.183764077532541,43,f9a0423a1d3b0d2395df93743563d971
544_14,5,4,0.786147566496887,9.66825837265426,8.21361608658744,0.183764077532541,43,f9a0423a1d3b0d2395df93743563d971
544_15,1,1,0.715597101144838,9.01787102195147,0.163801869772019,0.00691871502797762,51,f9a0423a1d3b0d2395df93743563d971
544_15,1,2,0.715597101144838,9.01787102195147,0.163801869772019,0.00691871502797762,51,f9a0423a1d3b0d2395df93743563d971
544_15,1,3,0.715597101144838,9.01787102195147,0.163801869772019,0.00691871502797762,51,f9a0423a1d3b0d2395df93743563d971
544_15,1,4,0.715597101144838,9.01787102195147,0.163801869772019,0.00691871502797762,51,f9a0423a1d3b0d2395df93743563d971
544_15,2,1,0.715597101144838,9.01787102195147,0.163801869772019,0.00691871502797762,51,f9a0423a1d3b0d2395df93743563d971
544_15,2,2,0.715597101144838,9.01787102195147,0.163801869772019,0.00691871502797762,51,f9a0423a1d3b0d2395df93743563d971
544_15,2,3,0.715597101144838,9.01787102195147,0.163801869772019,0.00691871502797762,51,f9a0423a1d3b0d2395df93743563d971
544_15,2,4,0.715597101144838,9.01787102195147,0.163801869772019,0.00691871502797762,51,f9a0423a1d3b0d2395df93743563d971
544_15,3,1,0.715597101144838,9.01787102195147,0.163801869772019,0.00691871502797762,51,f9a0423a1d3b0d2395df93743563d971
544_15,3,2,0.715597101144838,9.01787102195147,0.163801869772019,0.00691871502797762,51,f9a0423a1d3b0d2395df93743563d971
544_15,3,3,0.715597101144838,9.01787102195147,0.163801869772019,0.00691871502797762,51,f9a0423a1d3b0d2395df93743563d971
544_15,3,4,0.715597101144838,9.01787102195147,0.163801869772019,0.00691871502797762,51,f9a0423a1d3b0d2395df93743563d971
544_15,4,1,0.715597101144838,9.01787102195147,0.163801869772019,0.00691871502797762,51,f9a0423a1d3b0d2395df93743563d971
544_15,4,2,0.715597101144838,9.01787102195147,0.163801869772019,0.00691871502797762,51,f9a0423a1d3b0d2395df93743563d971
544_15,4,3,0.715597101144838,9.01787102195147,0.163801869772019,0.00691871502797762,51,f9a0423a1d3b0d2395df93743563d971
544_15,4,4,0.715597101144838,9.01787102195147,0.163801869772019,0.00691871502797762,51,f9a0423a1d3b0d2395df93743563d971
544_15,5,1,0.715597101144838,9.01787102195147,0.163801869772019,0.00691871502797762,51,f9a0423a1d3b0d2395df93743563d971
544_15,5,2,0.715597101144838,9.01787102195147,0.163801869772019,0.00691871502797762,51,f9a0423a1d3b0d2395df93743563d971
544_15,5,3,0.715597101144838,9.01787102195147,0.163801869772019,0.00691871502797762,51,f9a0423a1d3b0d2395df93743563d971
544_15,5,4,0.715597101144838,9.01787102195147,0.163801869772019,0.00691871502797762,51,f9a0423a1d3b0d2395df93743563d971
544_16,1,1,0.720884609443386,9.10498944441584,0.137310708491076,0.00728188580718262,51,f9a0423a1d3b0d2395df93743563d971
544_16,1,2,0.720884609443386,9.10498944441584,0.137310708491076,0.00728188580718262,51,f9a0423a1d3b0d2395df93743563d971
544_16,1,3,0.720884609443386,9.10498944441584,0.137310708491076,0.00728188580718262,51,f9a0423a1d3b0d2395df93743563d971
544_16,1,4,0.720884609443386,9.10498944441584,0.137310708491076,0.00728188580718262,51,f9a0423a1d3b0d2395df93743563d971
544_16,2,1,0.720884609443386,9.10498944441584,0.137310708491076,0.00728188580718262,51,f9a0423a1d3b0d2395df93743563d971
544_16,2,2,0.720884609443386,9.10498944441584,0.137310708491076,0.00728188580718262,51,f9a0423a1d3b0d2395df93743563d971
544_16,2,3,0.720884609443386,9.10498944441584,0.137310708491076,0.00728188580718262,51,f9a0423a1d3b0d2395df93743563d971
544_16,2,4,0.720884609443386,9.10498944441584,0.137310708491076,0.00728188580718262,51,f9a0423a1d3b0d2395df93743563d971
544_16,3,1,0.720884609443386,9.10498944441584,0.137310708491076,0.00728188580718262,51,f9a0423a1d3b0d2395df93743563d971
544_16,3,2,0.720884609443386,9.10498944441584,0.137310708491076,0.00728188580718262,51,f9a0423a1d3b0d2395df93743563d971
544_16,3,3,0.720884609443386,9.10498944441584,0.137310708491076,0.00728188580718262,51,f9a0423a1d3b0d2395df93743563d971
544_16,3,4,0.720884609443386,9.10498944441584,0.137310708491076,0.00728188580718262,51,f9a0423a1d3b0d2395df93743563d971
544_16,4,1,0.720884609443386,9.10498944441584,0.137310708491076,0.00728188580718262,51,f9a0423a1d3b0d2395df93743563d971
544_16,4,2,0.720884609443386,9.10498944441584,0.137310708491076,0.00728188580718262,51,f9a0423a1d3b0d2395df93743563d971
544_16,4,3,0.720884609443386,9.10498944441584,0.137310708491076,0.00728188580718262,51,f9a0423a1d3b0d2395df93743563d971
544_16,4,4,0.720884609443386,9.10498944441584,0.137310708491076,0.00728188580718262,51,f9a0423a1d3b0d2395df93743563d971
544_16,5,1,0.720884609443386,9.10498944441584,0.137310708491076,0.00728188580718262,51,f9a0423a1d3b0d2395df93743563d971
544_16,5,2,0.720884609443386,9.10498944441584,0.137310708491076,0.00728188580718262,51,f9a0423a1d3b0d2395df93743563d971
544_16,5,3,0.720884609443386,9.10498944441584,0.137310708491076,0.00728188580718262,51,f9a0423a1d3b0d2395df93743563d971
544_16,5,4,0.720884609443386,9.10498944441584,0.137310708491076,0.00728188580718262,51,f9a0423a1d3b0d2395df93743563d971
544_17,1,1,0.721062466631073,9.06817939135077,0.113298919218878,0.00706061220352727,51,f9a0423a1d3b0d2395df93743563d971
544_17,1,2,0.721062466631073,9.06817939135077,0.113298919218878,0.00706061220352727,51,f9a0423a1d3b0d2395df93743563d971
544_17,1,3,0.721062466631073,9.06817939135077,0.113298919218878,0.00706061220352727,51,f9a0423a1d3b0d2395df93743563d971
544_17,1,4,0.721062466631073,9.06817939135077,0.113298919218878,0.00706061220352727,51,f9a0423a1d3b0d2395df93743563d971
544_17,2,1,0.721062466631073,9.06817939135077,0.113298919218878,0.00706061220352727,51,f9a0423a1d3b0d2395df93743563d971
544_17,2,2,0.721062466631073,9.06817939135077,0.113298919218878,0.00706061220352727,51,f9a0423a1d3b0d2395df93743563d971
544_17,2,3,0.721062466631073,9.06817939135077,0.113298919218878,0.00706061220352727,51,f9a0423a1d3b0d2395df93743563d971
544_17,2,4,0.721062466631073,9.06817939135077,0.113298919218878,0.00706061220352727,51,f9a0423a1d3b0d2395df93743563d971
544_17,3,1,0.721062466631073,9.06817939135077,0.113298919218878,0.00706061220352727,51,f9a0423a1d3b0d2395df93743563d971
544_17,3,2,0.721062466631073,9.06817939135077,0.113298919218878,0.00706061220352727,51,f9a0423a1d3b0d2395df93743563d971
544_17,3,3,0.721062466631073,9.06817939135077,0.113298919218878,0.00706061220352727,51,f9a0423a1d3b0d2395df93743563d971
544_17,3,4,0.721062466631073,9.06817939135077,0.113298919218878,0.00706061220352727,51,f9a0423a1d3b0d2395df93743563d971
544_17,4,1,0.721062466631073,9.06817939135077,0.113298919218878,0.00706061220352727,51,f9a0423a1d3b0d2395df93743563d971
544_17,4,2,0.721062466631073,9.06817939135077,0.113298919218878,0.00706061220352727,51,f9a0423a1d3b0d2395df93743563d971
544_17,4,3,0.721062466631073,9.06817939135077,0.113298919218878,0.00706061220352727,51,f9a0423a1d3b0d2395df93743563d971
544_17,4,4,0.721062466631073,9.06817939135077,0.113298919218878,0.00706061220352727,51,f9a0423a1d3b0d2395df93743563d971
544_17,5,1,0.721062466631073,9.06817939135077,0.113298919218878,0.00706061220352727,51,f9a0423a1d3b0d2395df93743563d971
544_17,5,2,0.721062466631073,9.06817939135077,0.113298919218878,0.00706061220352727,51,f9a0423a1d3b0d2395df93743563d971
544_17,5,3,0.721062466631073,9.06817939135077,0.113298919218878,0.00706061220352727,51,f9a0423a1d3b0d2395df93743563d971
544_17,5,4,0.721062466631073,9.06817939135077,0.113298919218878,0.00706061220352727,51,f9a0423a1d3b0d2395df93743563d971
544_18,1,1,0.72358409457281,9.12449220849006,0.171086747166457,0.00726537166537167,51,f9a0423a1d3b0d2395df93743563d971
544_18,1,2,0.72358409457281,9.12449220849006,0.171086747166457,0.00726537166537167,51,f9a0423a1d3b0d2395df93743563d971
544_18,1,3,0.72358409457281,9.12449220849006,0.171086747166457,0.00726537166537167,51,f9a0423a1d3b0d2395df93743563d971
544_18,1,4,0.72358409457281,9.12449220849006,0.171086747166457,0.00726537166537167,51,f9a0423a1d3b0d2395df93743563d971
544_18,2,1,0.72358409457281,9.12449220849006,0.171086747166457,0.00726537166537167,51,f9a0423a1d3b0d2395df93743563d971
544_18,2,2,0.72358409457281,9.12449220849006,0.171086747166457,0.00726537166537167,51,f9a0423a1d3b0d2395df93743563d971
544_18,2,3,0.72358409457281,9.12449220849006,0.171086747166457,0.00726537166537167,51,f9a0423a1d3b0d2395df93743563d971
544_18,2,4,0.72358409457281,9.12449220849006,0.171086747166457,0.00726537166537167,51,f9a0423a1d3b0d2395df93743563d971
544_18,3,1,0.72358409457281,9.12449220849006,0.171086747166457,0.00726537166537167,51,f9a0423a1d3b0d2395df93743563d971
544_18,3,2,0.72358409457281,9.12449220849006,0.171086747166457,0.00726537166537167,51,f9a0423a1d3b0d2395df93743563d971
544_18,3,3,0.72358409457281,9.12449220849006,0.171086747166457,0.00726537166537167,51,f9a0423a1d3b0d2395df93743563d971
544_18,3,4,0.72358409457281,9.12449220849006,0.171086747166457,0.00726537166537167,51,f9a0423a1d3b0d2395df93743563d971
544_18,4,1,0.72358409457281,9.12449220849006,0.171086747166457,0.00726537166537167,51,f9a0423a1d3b0d2395df93743563d971
544_18,4,2,0.72358409457281,9.12449220849006,0.171086747166457,0.00726537166537167,51,f9a0423a1d3b0d2395df93743563d971
544_18,4,3,0.72358409457281,9.12449220849006,0.171086747166457,0.00726537166537167,51,f9a0423a1d3b0d2395df93743563d971
544_18,4,4,0.72358409457281,9.12449220849006,0.171086747166457,0.00726537166537167,51,f9a0423a1d3b0d2395df93743563d971
544_18,5,1,0.72358409457281,9.12449220849006,0.171086747166457,0.00726537166537167,51,f9a0423a1d3b0d2395df93743563d971
544_18,5,2,0.72358409457281,9.12449220849006,0.171086747166457,0.00726537166537167,51,f9a0423a1d3b0d2395df93743563d971
544_18,5,3,0.72358409457281,9.12449220849006,0.171086747166457,0.00726537166537167,51,f9a0423a1d3b0d2395df93743563d971
544_18,5,4,0.72358409457281,9.12449220849006,0.171086747166457,0.00726537166537167,51,f9a0423a1d3b0d2395df93743563d971
546_6,1,1,1.26727992547741,15.6540288775035,2.50589340220709,3.50037601818965,414.9,f9a0423a1d3b0d2395df93743563d971
546_6,1,2,1.26727992547741,15.6540288775035,2.49433695805677,3.50037601818965,414.9,f9a0423a1d3b0d2395df93743563d971
546_6,1,3,1.26727992547741,15.6540288775035,2.50589340220709,3.50037601818965,414.9,f9a0423a1d3b0d2395df93743563d971
546_6,1,4,1.26727992547741,15.6540288775035,2.50589340220709,3.50037601818965,414.9,f9a0423a1d3b0d2395df93743563d971
546_6,2,1,1.07447948374528,13.2738507687369,1.91672337548627,3.50037601818965,414.9,f9a0423a1d3b0d2395df93743563d971
546_6,2,2,1.07447948374528,13.2738507687369,1.87865475564898,3.50037601818965,414.9,f9a0423a1d3b0d2395df93743563d971
546_6,2,3,1.07447948374528,13.2738507687369,1.91672337548627,3.50037601818965,414.9,f9a0423a1d3b0d2395df93743563d971
546_6,2,4,1.07447948374528,13.2738507687369,1.91672337548627,3.50037601818965,414.9,f9a0423a1d3b0d2395df93743563d971
546_6,3,1,1.0524117905116,13.0015479746809,2.68174183709708,3.50037601818965,414.9,f9a0423a1d3b0d2395df93743563d971
546_6,3,2,1.0524117905116,13.0015479746809,2.59408205430933,3.50037601818965,414.9,f9a0423a1d3b0d2395df93743563d971
546_6,3,3,1.0524117905116,13.0015479746809,2.68174183709708,3.50037601818965,414.9,f9a0423a1d3b0d2395df93743563d971
546_6,3,4,1.0524117905116,13.0015479746809,2.68174183709708,3.50037601818965,414.9,f9a0423a1d3b0d2395df93743563d971
546_6,4,1,1.05041690972103,12.9770202106852,3.20773518279173,3.50037601818965,414.9,f9a0423a1d3b0d2395df93743563d971
546_6,4,2,1.05041690972103,12.9770202106852,3.1855405208788,3.50037601818965,414.9,f9a0423a1d3b0d2395df93743563d971
546_6,4,3,1.05041690972103,12.9770202106852,3.20773518279173,3.50037601818965,414.9,f9a0423a1d3b0d2395df93743563d971
546_6,4,4,1.05041690972103,12.9770202106852,3.20773518279173,3.50037601818965,414.9,f9a0423a1d3b0d2395df93743563d971
546_6,5,1,1.06844212629372,13.1994845571859,2.6129196551355,3.50037601818965,414.9,f9a0423a1d3b0d2395df93743563d971
546_6,5,2,1.06844212629372,13.1994845571859,2.6129196551355,3.50037601818965,414.9,f9a0423a1d3b0d2395df93743563d971
546_6,5,3,1.06844212629372,13.1994845571859,2.6129196551355,3.50037601818965,414.9,f9a0423a1d3b0d2395df93743563d971
546_6,5,4,1.06844212629372,13.1994845571859,2.6129196551355,3.50037601818965,414.9,f9a0423a1d3b0d2395df93743563d971
54805_1,1,1,0.851669144478984,14.3312812542235,4.94194129050125,0.00860035139883768,249.3,f9a0423a1d3b0d2395df93743563d971
54805_1,1,2,0.851669144478984,14.3312812542235,4.94194129050125,0.00860035139883768,249.3,f9a0423a1d3b0d2395df93743563d971
54805_1,1,3,0.851669144478984,14.3312812542235,4.94194129050125,0.00860035139883768,249.3,f9a0423a1d3b0d2395df93743563d971
54805_1,1,4,0.851669144478984,14.3312812542235,4.94194129050125,0.00860035139883768,249.3,f9a0423a1d3b0d2395df93743563d971
54805_1,2,1,0.528955787056025,8.90048396357969,0.0852678205233369,0.00534070215732918,249.3,f9a0423a1d3b0d2395df93743563d971
54805_1,2,2,0.660140418908838,11.1081745163159,0.280333078746339,0.00666544626931801,249.3,f9a0423a1d3b0d2395df93743563d971
54805_1,2,3,0.624991003958258,10.5167557703182,1.33851657524446,0.00631069757877962,249.3,f9a0423a1d3b0d2395df93743563d971
54805_1,2,4,0.656821347981124,11.0523173085252,0.363199426163007,0.00663193378388166,249.3,f9a0423a1d3b0d2395df93743563d971
54805_1,3,1,0.478427319914508,8.050470911525,0.0532494069568077,0.00483056579843578,249.3,f9a0423a1d3b0d2395df93743563d971
54805_1,3,2,0.479754266241541,8.07286008131187,0.0579647627003948,0.00484403164759595,249.3,f9a0423a1d3b0d2395df93743563d971
54805_1,3,3,0.4852346347425,8.16474762474211,0.0796219743995321,0.00489914188469979,249.3,f9a0423a1d3b0d2395df93743563d971
54805_1,3,4,0.480395438398921,8.08360044628892,0.0608111249176414,0.00485047061931277,249.3,f9a0423a1d3b0d2395df93743563d971
54805_1,4,1,0.486909134149863,8.19311838551311,0.0537930096559228,0.00491612278526169,249.3,f9a0423a1d3b0d2395df93743563d971
54805_1,4,2,0.487331339394589,8.2002399081676,0.0534657401370713,0.00492039338584304,249.3,f9a0423a1d3b0d2395df93743563d971
54805_1,4,3,0.484786050023136,8.15734395168165,0.0559825625289204,0.00489469326124546,249.3,f9a0423a1d3b0d2395df93743563d971
54805_1,4,4,0.486909134149863,8.19311838551311,0.0537930096559228,0.00491612278526169,249.3,f9a0423a1d3b0d2395df93743563d971
54805_1,5,1,0.59199290157499,9.96144014814408,0.276581080607886,0.00597731827294918,249.3,f9a0423a1d3b0d2395df93743563d971
54805_1,5,2,0.59199290157499,9.96144014814408,0.276581080607886,0.00597731827294918,249.3,f9a0423a1d3b0d2395df93743563d971
54805_1,5,3,0.59199290157499,9.96144014814408,0.276581080607886,0.00597731827294918,249.3,f9a0423a1d3b0d2395df93743563d971
54805_1,5,4,0.59199290157499,9.96144014814408,0.276581080607886,0.00597731827294918,249.3,f9a0423a1d3b0d2395df93743563d971
55026_1,1,1,1.03829087148632,17.4711666823352,2.29481737413623,0.010483877032998,200,f9a0423a1d3b0d2395df93743563d971
55026_1,1,2,1.03829087148632,17.4711666823352,2.29481737413623,0.010483877032998,200,f9a0423a1d3b0d2395df93743563d971
55026_1,1,3,1.03829087148632,17.4711666823352,2.29481737413623,0.010483877032998,200,f9a0423a1d3b0d2395df93743563d971
55026_1,1,4,1.03829087148632,17.4711666823352,2.29481737413623,0.010483877032998,200,f9a0423a1d3b0d2395df93743563d971
55026_1,2,1,0.628620933841587,10.5779090265327,0.384734482599251,0.0063471998312516,200,f9a0423a1d3b0d2395df93743563d971
55026_1,2,2,0.628620933841587,10.5779090265327,0.384734482599251,0.0063471998312516,200,f9a0423a1d3b0d2395df93743563d971
55026_1,2,3,0.587781635014635,9.89121911374311,0.159105795244198,0.00593553876523041,200,f9a0423a1d3b0d2395df93743563d971
55026_1,2,4,0.628620933841587,10.5779090265327,0.384734482599251,0.0063471998312516,200,f9a0423a1d3b0d2395df93743563d971
55026_1,3,1,0.464214350978165,7.81147070627717,0.0772485564078256,0.0046872945255194,200,f9a0423a1d3b0d2395df93743563d971
55026_1,3,2,0.468511749469772,7.88351824827793,0.078654446734633,0.00473051061393795,200,f9a0423a1d3b0d2395df93743563d971
55026_1,3,3,0.472089282123467,7.94362740617516,0.0782816566708159,0.00476656673308594,200,f9a0423a1d3b0d2395df93743563d971
55026_1,3,4,0.46855215411616,7.88424662185658,0.0792360239373884,0.0047309430982781,200,f9a0423a1d3b0d2395df93743563d971
55026_1,4,1,0.450662792809152,7.58353459233703,0.0741329217359724,0.0045502542218994,200,f9a0423a1d3b0d2395df93743563d971
55026_1,4,2,0.448785632790955,7.55166399030815,0.0780522183737594,0.00453129902719777,200,f9a0423a1d3b0d2395df93743563d971
55026_1,4,3,0.45160494307461,7.59918300880628,0.0715255414090041,0.00455979458507129,200,f9a0423a1d3b0d2395df93743563d971
55026_1,4,4,0.449028452244705,7.55575816234443,0.0774935564506729,0.00453375332697432,200,f9a0423a1d3b0d2395df93743563d971
55026_1,5,1,0.456564548481077,7.68256152970459,0.0855388304446778,0.00460986005809586,200,f9a0423a1d3b0d2395df93743563d971
55026_1,5,2,0.456564548481077,7.68256152970459,0.0855388304446778,0.00460986005809586,200,f9a0423a1d3b0d2395df93743563d971
55026_1,5,3,0.456564548481077,7.68256152970459,0.0855388304446778,0.00460986005809586,200,f9a0423a1d3b0d2395df93743563d971
55026_1,5,4,0.456564548481077,7.68256152970459,0.0855388304446778,0.00460986005809586,200,f9a0423a1d3b0d2395df93743563d971
55041_1,1,1,0.955045703839122,16.1089945155393,1.72421492875877,0.00966654478976234,289,f9a0423a1d3b0d2395df93743563d971
55041_1,1,2,0.955045703839122,16.1089945155393,1.72421492875877,0.00966654478976234,289,f9a0423a1d3b0d2395df93743563d971
55041_1,1,3,0.955045703839122,16.1089945155393,1.72421492875877,0.00966654478976234,289,f9a0423a1d3b0d2395df93743563d971
55041_1,1,4,0.955045703839122,16.1089945155393,1.72421492875877,0.00966654478976234,289,f9a0423a1d3b0d2395df93743563d971
55041_1,2,1,0.577600152856506,9.72931023501688,0.259421250642226,0.005838115406662,289,f9a0423a1d3b0d2395df93743563d971
55041_1,2,2,0.577600152856506,9.72931023501688,0.259421250642226,0.005838115406662,289,f9a0423a1d3b0d2395df93743563d971
55041_1,2,3,0.545704619821419,9.20145859907936,0.106747060596925,0.00552137984582109,289,f9a0423a1d3b0d2395df93743563d971
55041_1,2,4,0.577600152856506,9.72931023501688,0.259421250642226,0.005838115406662,289,f9a0423a1d3b0d2395df93743563d971
55041_1,3,1,0.42873238122243,7.22623335929564,0.0658703785886182,0.00433603365289707,289,f9a0423a1d3b0d2395df93743563d971
55041_1,3,2,0.432636628811879,7.28965159684778,0.0714460938911752,0.00437407451701854,289,f9a0423a1d3b0d2395df93743563d971
55041_1,3,3,0.42846214284211,7.22114009919396,0.0686166297440785,0.00433296270054508,289,f9a0423a1d3b0d2395df93743563d971
55041_1,3,4,0.431634426501999,7.27334516098149,0.0702594648850413,0.00436429301839232,289,f9a0423a1d3b0d2395df93743563d971
55041_1,4,1,0.419864868795286,7.08065861919741,0.0711967870170634,0.00424861228749137,289,f9a0423a1d3b0d2395df93743563d971
55041_1,4,2,0.419710936314546,7.07896403405144,0.0713845573914683,0.00424759560129623,289,f9a0423a1d3b0d2395df93743563d971
55041_1,4,3,0.421043677885874,7.09408879151119,0.0698950998164577,0.00425667020616321,289,f9a0423a1d3b0d2395df93743563d971
55041_1,4,4,0.419864868795286,7.08065861919741,0.0711967870170634,0.00424861228749137,289,f9a0423a1d3b0d2395df93743563d971
55041_1,5,1,0.427076968222684,7.1998232924931,0.0752689983627751,0.00432014374834888,289,f9a0423a1d3b0d2395df93743563d971
55041_1,5,2,0.427076968222684,7.1998232924931,0.0752689983627751,0.00432014374834888,289,f9a0423a1d3b0d2395df93743563d971
55041_1,5,3,0.427076968222684,7.1998232924931,0.0752689983627751,0.00432014374834888,289,f9a0423a1d3b0d2395df93743563d971
55041_1,5,4,0.427076968222684,7.1998232924931,0.0752689983627751,0.00432014374834888,289,f9a0423a1d3b0d2395df93743563d971
55042_BE1,1,1,0.438123664205201,7.3722837214833,0.128781733599527,0.00442361350073659,350,f9a0423a1d3b0d2395df93743563d971
55042_BE1,1,2,0.438123664205201,7.3722837214833,0.128781733599527,0.00442361350073659,350,f9a0423a1d3b0d2395df93743563d971
55042_BE1,1,3,0.438123664205201,7.3722837214833,0.128781733599527,0.00442361350073659,350,f9a0423a1d3b0d2395df93743563d971
55042_BE1,1,4,0.438123664205201,7.3722837214833,0.128781733599527,0.00442361350073659,350,f9a0423a1d3b0d2395df93743563d971
55042_BE1,2,1,0.438123664205201,7.3722837214833,0.128781733599527,0.00442361350073659,350,f9a0423a1d3b0d2395df93743563d971
55042_BE1,2,2,0.438123664205201,7.3722837214833,0.128781733599527,0.00442361350073659,350,f9a0423a1d3b0d2395df93743563d971
55042_BE1,2,3,0.438123664205201,7.3722837214833,0.128781733599527,0.00442361350073659,350,f9a0423a1d3b0d2395df93743563d971
55042_BE1,2,4,0.438123664205201,7.3722837214833,0.128781733599527,0.00442361350073659,350,f9a0423a1d3b0d2395df93743563d971
55042_BE1,3,1,0.438123664205201,7.3722837214833,0.128781733599527,0.00442361350073659,350,f9a0423a1d3b0d2395df93743563d971
55042_BE1,3,2,0.438123664205201,7.3722837214833,0.128781733599527,0.00442361350073659,350,f9a0423a1d3b0d2395df93743563d971
55042_BE1,3,3,0.438123664205201,7.3722837214833,0.128781733599527,0.00442361350073659,350,f9a0423a1d3b0d2395df93743563d971
55042_BE1,3,4,0.438123664205201,7.3722837214833,0.128781733599527,0.00442361350073659,350,f9a0423a1d3b0d2395df93743563d971
55042_BE1,4,1,0.438123664205201,7.3722837214833,0.128781733599527,0.00442361350073659,350,f9a0423a1d3b0d2395df93743563d971
55042_BE1,4,2,0.438123664205201,7.3722837214833,0.128781733599527,0.00442361350073659,350,f9a0423a1d3b0d2395df93743563d971
55042_BE1,4,3,0.438123664205201,7.3722837214833,0.128781733599527,0.00442361350073659,350,f9a0423a1d3b0d2395df93743563d971
55042_BE1,4,4,0.438123664205201,7.3722837214833,0.128781733599527,0.00442361350073659,350,f9a0423a1d3b0d2395df93743563d971
55042_BE1,5,1,0.438123664205201,7.3722837214833,0.128781733599527,0.00442361350073659,350,f9a0423a1d3b0d2395df93743563d971
55042_BE1,5,2,0.438123664205201,7.3722837214833,0.128781733599527,0.00442361350073659,350,f9a0423a1d3b0d2395df93743563d971
55042_BE1,5,3,0.438123664205201,7.3722837214833,0.128781733599527,0.00442361350073659,350,f9a0423a1d3b0d2395df93743563d971
55042_BE1,5,4,0.438123664205201,7.3722837214833,0.128781733599527,0.00442361350073659,350,f9a0423a1d3b0d2395df93743563d971
55042_BE2,1,1,0.42766267101892,7.19624518328029,0.124325938763458,0.00431797139724968,350,f9a0423a1d3b0d2395df93743563d971
55042_BE2,1,2,0.42766267101892,7.19624518328029,0.124325938763458,0.00431797139724968,350,f9a0423a1d3b0d2395df93743563d971
55042_BE2,1,3,0.42766267101892,7.19624518328029,0.124325938763458,0.00431797139724968,350,f9a0423a1d3b0d2395df93743563d971
55042_BE2,1,4,0.42766267101892,7.19624518328029,0.124325938763458,0.00431797139724968,350,f9a0423a1d3b0d2395df93743563d971
55042_BE2,2,1,0.42766267101892,7.19624518328029,0.124325938763458,0.00431797139724968,350,f9a0423a1d3b0d2395df93743563d971
55042_BE2,2,2,0.42766267101892,7.19624518328029,0.124325938763458,0.00431797139724968,350,f9a0423a1d3b0d2395df93743563d971
55042_BE2,2,3,0.42766267101892,7.19624518328029,0.124325938763458,0.00431797139724968,350,f9a0423a1d3b0d2395df93743563d971
55042_BE2,2,4,0.42766267101892,7.19624518328029,0.124325938763458,0.00431797139724968,350,f9a0423a1d3b0d2395df93743563d971
55042_BE2,3,1,0.42766267101892,7.19624518328029,0.124325938763458,0.00431797139724968,350,f9a0423a1d3b0d2395df93743563d971
55042_BE2,3,2,0.42766267101892,7.19624518328029,0.124325938763458,0.00431797139724968,350,f9a0423a1d3b0d2395df93743563d971
55042_BE2,3,3,0.42766267101892,7.19624518328029,0.124325938763458,0.00431797139724968,350,f9a0423a1d3b0d2395df93743563d971
55042_BE2,3,4,0.42766267101892,7.19624518328029,0.124325938763458,0.00431797139724968,350,f9a0423a1d3b0d2395df93743563d971
55042_BE2,4,1,0.42766267101892,7.19624518328029,0.124325938763458,0.00431797139724968,350,f9a0423a1d3b0d2395df93743563d971
55042_BE2,4,2,0.42766267101892,7.19624518328029,0.124325938763458,0.00431797139724968,350,f9a0423a1d3b0d2395df93743563d971
55042_BE2,4,3,0.42766267101892,7.19624518328029,0.124325938763458,0.00431797139724968,350,f9a0423a1d3b0d2395df93743563d971
55042_BE2,4,4,0.42766267101892,7.19624518328029,0.124325938763458,0.00431797139724968,350,f9a0423a1d3b0d2395df93743563d971
55042_BE2,5,1,0.42766267101892,7.19624518328029,0.124325938763458,0.00431797139724968,350,f9a0423a1d3b0d2395df93743563d971
55042_BE2,5,2,0.42766267101892,7.19624518328029,0.124325938763458,0.00431797139724968,350,f9a0423a1d3b0d2395df93743563d971
55042_BE2,5,3,0.42766267101892,7.19624518328029,0.124325938763458,0.00431797139724968,350,f9a0423a1d3b0d2395df93743563d971
55042_BE2,5,4,0.42766267101892,7.19624518328029,0.124325938763458,0.00431797139724968,350,f9a0423a1d3b0d2395df93743563d971
55048_1,1,1,1.11834388699464,18.8170433511934,3.46179858395858,0.0112930832927423,272.5,f9a0423a1d3b0d2395df93743563d971
55048_1,1,2,1.16986564299424,19.6820153550864,3.46179858395858,0.0118136276391555,272.5,f9a0423a1d3b0d2395df93743563d971
55048_1,1,3,1.11834388699464,18.8170433511934,3.46179858395858,0.0112930832927423,272.5,f9a0423a1d3b0d2395df93743563d971
55048_1,1,4,1.11834388699464,18.8170433511934,3.46179858395858,0.0112930832927423,272.5,f9a0423a1d3b0d2395df93743563d971
55048_1,2,1,0.556817384036774,9.3694642707898,0.905770657434557,0.005621997492687,272.5,f9a0423a1d3b0d2395df93743563d971
55048_1,2,2,0.556817384036774,9.3694642707898,0.905770657434557,0.005621997492687,272.5,f9a0423a1d3b0d2395df93743563d971
55048_1,2,3,0.561694101508916,9.45166323731138,0.905770657434557,0.00567101051668953,272.5,f9a0423a1d3b0d2395df93743563d971
55048_1,2,4,0.556817384036774,9.3694642707898,0.905770657434557,0.005621997492687,272.5,f9a0423a1d3b0d2395df93743563d971
55048_1,3,1,0.438010971600791,7.37051046843472,0.0702721674849533,0.00442255887043086,272.5,f9a0423a1d3b0d2395df93743563d971
55048_1,3,2,0.444515066202776,7.47992232582292,0.0702721674849533,0.00448827715888608,272.5,f9a0423a1d3b0d2395df93743563d971
55048_1,3,3,0.434495591921695,7.31156589034272,0.0702721674849533,0.00438719814686575,272.5,f9a0423a1d3b0d2395df93743563d971
55048_1,3,4,0.441825758536609,7.4347006991867,0.0702721674849533,0.00446111744867215,272.5,f9a0423a1d3b0d2395df93743563d971
55048_1,4,1,0.412642442956338,6.94338853511155,0.0645140993117312,0.00416626074823515,272.5,f9a0423a1d3b0d2395df93743563d971
55048_1,4,2,0.412090663150717,6.93419872267073,0.0645140993117312,0.00416069868941342,272.5,f9a0423a1d3b0d2395df93743563d971
55048_1,4,3,0.413905246577002,6.96472219290737,0.0645140993117312,0.00417905903229715,272.5,f9a0423a1d3b0d2395df93743563d971
55048_1,4,4,0.412412089179442,6.9395985826301,0.0645140993117312,0.00416394925899056,272.5,f9a0423a1d3b0d2395df93743563d971
55048_1,5,1,0.403979224689136,6.79777825757091,0.0607747718803466,0.00407885764738662,272.5,f9a0423a1d3b0d2395df93743563d971
55048_1,5,2,0.404039536930615,6.7987937081743,0.0607747718803466,0.00407946996179948,272.5,f9a0423a1d3b0d2395df93743563d971
55048_1,5,3,0.403362099915509,6.78738949340402,0.0607747718803466,0.0040725949040769,272.5,f9a0423a1d3b0d2395df93743563d971
55048_1,5,4,0.403979224689136,6.79777825757091,0.0607747718803466,0.00407885764738662,272.5,f9a0423a1d3b0d2395df93743563d971
55068_1,1,1,0.778564762971258,13.1006812243374,0.151326334453154,0.00786170212765957,371.2,f9a0423a1d3b0d2395df93743563d971
55068_1,1,2,0.786320987186292,13.2309550888367,0.243615165586537,0.00793911592994162,371.2,f9a0423a1d3b0d2395df93743563d971
55068_1,1,3,0.779179487179487,13.1119401709402,0.197474957264957,0.00786794871794872,371.2,f9a0423a1d3b0d2395df93743563d971
55068_1,1,4,0.802701514832851,13.5065999579363,0.362379709145193,0.00810459033721075,371.2,f9a0423a1d3b0d2395df93743563d971
55068_1,2,1,0.712607026867434,11.9911450644622,0.129877220096163,0.00719513335301644,371.2,f9a0423a1d3b0d2395df93743563d971
55068_1,2,2,0.665747235407092,11.2024539415785,0.12425220077402,0.00672188571475184,371.2,f9a0423a1d3b0d2395df93743563d971
55068_1,2,3,0.651196957267507,10.9577019166232,0.124382718696398,0.00657501491535536,371.2,f9a0423a1d3b0d2395df93743563d971
55068_1,2,4,0.666335533476522,11.2123650349091,0.124690455662658,0.0067278293917262,371.2,f9a0423a1d3b0d2395df93743563d971
55068_1,3,1,0.69598723985915,11.7112255938563,0.177539735387836,0.00702719013619713,371.2,f9a0423a1d3b0d2395df93743563d971
55068_1,3,2,0.69598723985915,11.7112255938563,0.177539735387836,0.00702719013619713,371.2,f9a0423a1d3b0d2395df93743563d971
55068_1,3,3,0.69598723985915,11.7112255938563,0.177539735387836,0.00702719013619713,371.2,f9a0423a1d3b0d2395df93743563d971
55068_1,3,4,0.69598723985915,11.7112255938563,0.177539735387836,0.00702719013619713,371.2,f9a0423a1d3b0d2395df93743563d971
55068_1,4,1,0.69598723985915,11.7112255938563,0.177539735387836,0.00702719013619713,371.2,f9a0423a1d3b0d2395df93743563d971
55068_1,4,2,0.69598723985915,11.7112255938563,0.177539735387836,0.00702719013619713,371.2,f9a0423a1d3b0d2395df93743563d971
55068_1,4,3,0.69598723985915,11.7112255938563,0.177539735387836,0.00702719013619713,371.2,f9a0423a1d3b0d2395df93743563d971
55068_1,4,4,0.69598723985915,11.7112255938563,0.177539735387836,0.00702719013619713,371.2,f9a0423a1d3b0d2395df93743563d971
55068_1,5,1,0.69598723985915,11.7112255938563,0.177539735387836,0.00702719013619713,371.2,f9a0423a1d3b0d2395df93743563d971
55068_1,5,2,0.69598723985915,11.7112255938563,0.177539735387836,0.00702719013619713,371.2,f9a0423a1d3b0d2395df93743563d971
55068_1,5,3,0.69598723985915,11.7112255938563,0.177539735387836,0.00702719013619713,371.2,f9a0423a1d3b0d2395df93743563d971
55068_1,5,4,0.69598723985915,11.7112255938563,0.177539735387836,0.00702719013619713,371.2,f9a0423a1d3b0d2395df93743563d971
55068_2,1,1,0.777408608749014,13.0820285789428,0.152794775138073,0.00784974138686771,371.2,f9a0423a1d3b0d2395df93743563d971
55068_2,1,2,0.79236429411868,13.3328820048118,0.25459199843118,0.00800010536852642,371.2,f9a0423a1d3b0d2395df93743563d971
55068_2,1,3,0.783049236423547,13.1761992269184,0.203698751663393,0.00790665990748368,371.2,f9a0423a1d3b0d2395df93743563d971
55068_2,1,4,0.810403834346715,13.6364639242637,0.389611933314848,0.00818232704838486,371.2,f9a0423a1d3b0d2395df93743563d971
55068_2,2,1,0.710149934360533,11.9495059766462,0.129877772403786,0.00717001773417168,371.2,f9a0423a1d3b0d2395df93743563d971
55068_2,2,2,0.662205631017142,11.1428946568747,0.122849128156667,0.00668608985247079,371.2,f9a0423a1d3b0d2395df93743563d971
55068_2,2,3,0.650704449827872,10.9493640826214,0.125053965319393,0.00656997481830932,371.2,f9a0423a1d3b0d2395df93743563d971
55068_2,2,4,0.663157871132044,11.1589047546791,0.123700035655048,0.00669569725052492,371.2,f9a0423a1d3b0d2395df93743563d971
55068_2,3,1,0.696380439274473,11.7179097087969,0.184637220834927,0.00703111892265829,371.2,f9a0423a1d3b0d2395df93743563d971
55068_2,3,2,0.696380439274473,11.7179097087969,0.184637220834927,0.00703111892265829,371.2,f9a0423a1d3b0d2395df93743563d971
55068_2,3,3,0.696380439274473,11.7179097087969,0.184637220834927,0.00703111892265829,371.2,f9a0423a1d3b0d2395df93743563d971
55068_2,3,4,0.696380439274473,11.7179097087969,0.184637220834927,0.00703111892265829,371.2,f9a0423a1d3b0d2395df93743563d971
55068_2,4,1,0.696380439274473,11.7179097087969,0.184637220834927,0.00703111892265829,371.2,f9a0423a1d3b0d2395df93743563d971
55068_2,4,2,0.696380439274473,11.7179097087969,0.184637220834927,0.00703111892265829,371.2,f9a0423a1d3b0d2395df93743563d971
55068_2,4,3,0.696380439274473,11.7179097087969,0.184637220834927,0.00703111892265829,371.2,f9a0423a1d3b0d2395df93743563d971
55068_2,4,4,0.696380439274473,11.7179097087969,0.184637220834927,0.00703111892265829,371.2,f9a0423a1d3b0d2395df93743563d971
55068_2,5,1,0.696380439274473,11.7179097087969,0.184637220834927,0.00703111892265829,371.2,f9a0423a1d3b0d2395df93743563d971
55068_2,5,2,0.696380439274473,11.7179097087969,0.184637220834927,0.00703111892265829,371.2,f9a0423a1d3b0d2395df93743563d971
55068_2,5,3,0.696380439274473,11.7179097087969,0.184637220834927,0.00703111892265829,371.2,f9a0423a1d3b0d2395df93743563d971
55068_2,5,4,0.696380439274473,11.7179097087969,0.184637220834927,0.00703111892265829,371.2,f9a0423a1d3b0d2395df93743563d971
55079_1,1,1,1.19336336434008,20.0809893969947,3.52033513299974,0.0120494861120146,360,f9a0423a1d3b0d2395df93743563d971
55079_1,1,2,1.21457775007791,20.4379058896853,3.52033513299974,0.0122638828295419,360,f9a0423a1d3b0d2395df93743563d971
55079_1,1,3,1.19336336434008,20.0809893969947,3.52033513299974,0.0120494861120146,360,f9a0423a1d3b0d2395df93743563d971
55079_1,1,4,1.19336336434008,20.0809893969947,3.52033513299974,0.0120494861120146,360,f9a0423a1d3b0d2395df93743563d971
55079_1,2,1,0.685504145999773,11.5348888720609,0.140425821761294,0.00692126386732801,360,f9a0423a1d3b0d2395df93743563d971
55079_1,2,2,0.682878278991386,11.4907332611294,0.140425821761294,0.00689472037910986,360,f9a0423a1d3b0d2395df93743563d971
55079_1,2,3,0.700059842738849,11.7801475193097,0.140425821761294,0.0070684155591121,360,f9a0423a1d3b0d2395df93743563d971
55079_1,2,4,0.685899951251842,11.5416041978189,0.140425821761294,0.0069252553800987,360,f9a0423a1d3b0d2395df93743563d971
55079_1,3,1,0.632436643734933,10.6418357147057,0.107692580175297,0.00638531193038161,360,f9a0423a1d3b0d2395df93743563d971
55079_1,3,2,0.62875322737722,10.5800025360973,0.107692580175297,0.00634820927445278,360,f9a0423a1d3b0d2395df93743563d971
55079_1,3,3,0.628230730417957,10.5711790655798,0.107692580175297,0.0063429849046647,360,f9a0423a1d3b0d2395df93743563d971
55079_1,3,4,0.628754729888051,10.5800263895801,0.107692580175297,0.00634822542055821,360,f9a0423a1d3b0d2395df93743563d971
55079_1,4,1,0.638161143932481,10.7383095952353,0.133426565503323,0.00644320812013036,360,f9a0423a1d3b0d2395df93743563d971
55079_1,4,2,0.638161143932481,10.7383095952353,0.133426565503323,0.00644320812013036,360,f9a0423a1d3b0d2395df93743563d971
55079_1,4,3,0.638161143932481,10.7383095952353,0.133426565503323,0.00644320812013036,360,f9a0423a1d3b0d2395df93743563d971
55079_1,4,4,0.638161143932481,10.7383095952353,0.133426565503323,0.00644320812013036,360,f9a0423a1d3b0d2395df93743563d971
55079_1,5,1,0.638161143932481,10.7383095952353,0.133426565503323,0.00644320812013036,360,f9a0423a1d3b0d2395df93743563d971
55079_1,5,2,0.638161143932481,10.7383095952353,0.133426565503323,0.00644320812013036,360,f9a0423a1d3b0d2395df93743563d971
55079_1,5,3,0.638161143932481,10.7383095952353,0.133426565503323,0.00644320812013036,360,f9a0423a1d3b0d2395df93743563d971
55079_1,5,4,0.638161143932481,10.7383095952353,0.133426565503323,0.00644320812013036,360,f9a0423a1d3b0d2395df93743563d971
55100_1,1,1,1.07653133399349,18.1151317961051,4.07277696043759,0.0108705616070166,272.9,f9a0423a1d3b0d2395df93743563d971
55100_1,1,2,0.950620985010707,15.9980728051392,4.07277696043759,0.00959957173447537,272.9,f9a0423a1d3b0d2395df93743563d971
55100_1,1,3,1.07653133399349,18.1151317961051,4.07277696043759,0.0108705616070166,272.9,f9a0423a1d3b0d2395df93743563d971
55100_1,1,4,1.07653133399349,18.1151317961051,4.07277696043759,0.0108705616070166,272.9,f9a0423a1d3b0d2395df93743563d971
55100_1,2,1,0.53638904919925,9.02580435723561,1.21294755446545,0.00541574087433271,272.9,f9a0423a1d3b0d2395df93743563d971
55100_1,2,2,0.53638904919925,9.02580435723561,1.21294755446545,0.00541574087433271,272.9,f9a0423a1d3b0d2395df93743563d971
55100_1,2,3,0.538826505192964,9.06626298240908,1.21294755446545,0.00543988809259188,272.9,f9a0423a1d3b0d2395df93743563d971
55100_1,2,4,0.53638904919925,9.02580435723561,1.21294755446545,0.00541574087433271,272.9,f9a0423a1d3b0d2395df93743563d971
55100_1,3,1,0.434958963079833,7.31900550119375,0.0944476524198316,0.00439168186068867,272.9,f9a0423a1d3b0d2395df93743563d971
55100_1,3,2,0.441695469624664,7.43240459299262,0.0944476524198316,0.00445972498012819,272.9,f9a0423a1d3b0d2395df93743563d971
55100_1,3,3,0.435980873084033,7.33631493908208,0.0944476524198316,0.00440206553224938,272.9,f9a0423a1d3b0d2395df93743563d971
55100_1,3,4,0.44027259221648,7.40846581268806,0.0944476524198316,0.00444536531976965,272.9,f9a0423a1d3b0d2395df93743563d971
55100_1,4,1,0.417425199011803,7.02413761551835,0.0828566163657854,0.00421465824869613,272.9,f9a0423a1d3b0d2395df93743563d971
55100_1,4,2,0.415080126063349,6.98452716920026,0.0828566163657854,0.00419092412266934,272.9,f9a0423a1d3b0d2395df93743563d971
55100_1,4,3,0.416259448496988,7.00431747663985,0.0828566163657854,0.00420281285816811,272.9,f9a0423a1d3b0d2395df93743563d971
55100_1,4,4,0.415375266737181,6.98948892355771,0.0828566163657854,0.0041939026927988,272.9,f9a0423a1d3b0d2395df93743563d971
55100_1,5,1,0.433044409664991,7.28682441127686,0.135767301231585,0.00437234691118587,272.9,f9a0423a1d3b0d2395df93743563d971
55100_1,5,2,0.433044409664991,7.28682441127686,0.135767301231585,0.00437234691118587,272.9,f9a0423a1d3b0d2395df93743563d971
55100_1,5,3,0.433044409664991,7.28682441127686,0.135767301231585,0.00437234691118587,272.9,f9a0423a1d3b0d2395df93743563d971
55100_1,5,4,0.433044409664991,7.28682441127686,0.135767301231585,0.00437234691118587,272.9,f9a0423a1d3b0d2395df93743563d971
55107_RISEP1,1,1,0.911603170189099,15.3388348164627,1.6808851556434,0.0092041852057842,400,f9a0423a1d3b0d2395df93743563d971
55107_RISEP1,1,2,0.911603170189099,15.3388348164627,1.6808851556434,0.0092041852057842,400,f9a0423a1d3b0d2395df93743563d971
55107_RISEP1,1,3,0.911603170189099,15.3388348164627,1.6808851556434,0.0092041852057842,400,f9a0423a1d3b0d2395df93743563d971
55107_RISEP1,1,4,0.911603170189099,15.3388348164627,1.6808851556434,0.0092041852057842,400,f9a0423a1d3b0d2395df93743563d971
55107_RISEP1,2,1,0.47814860054901,8.04589489998293,0.305480898698419,0.00482791546816922,400,f9a0423a1d3b0d2395df93743563d971
55107_RISEP1,2,2,0.423770387521946,7.13064044171904,0.0469555482048803,0.00427889875575685,400,f9a0423a1d3b0d2395df93743563d971
55107_RISEP1,2,3,0.47814860054901,8.04589489998293,0.305480898698419,0.00482791546816922,400,f9a0423a1d3b0d2395df93743563d971
55107_RISEP1,2,4,0.47814860054901,8.04589489998293,0.305480898698419,0.00482791546816922,400,f9a0423a1d3b0d2395df93743563d971
55107_RISEP1,3,1,0.403091893745624,6.7828564079848,0.0360949352871041,0.00406993698469628,400,f9a0423a1d3b0d2395df93743563d971
55107_RISEP1,3,2,0.402501767608213,6.77285355505333,0.0347418145060112,0.00406390315887265,400,f9a0423a1d3b0d2395df93743563d971
55107_RISEP1,3,3,0.402480638028066,6.77249897819093,0.0353295577016547,0.00406381432177383,400,f9a0423a1d3b0d2395df93743563d971
55107_RISEP1,3,4,0.402713810081928,6.77642313714407,0.035199015124059,0.00406604986182862,400,f9a0423a1d3b0d2395df93743563d971
55107_RISEP1,4,1,0.39843576394728,6.70448223550633,0.0342093605484342,0.00402285047354872,400,f9a0423a1d3b0d2395df93743563d971
55107_RISEP1,4,2,0.398652765777513,6.70813167796898,0.0342091099628393,0.00402504555347936,400,f9a0423a1d3b0d2395df93743563d971
55107_RISEP1,4,3,0.392836610528172,6.61031126002998,0.0341576920333785,0.00396619345736708,400,f9a0423a1d3b0d2395df93743563d971
55107_RISEP1,4,4,0.39843576394728,6.70448223550633,0.0342093605484342,0.00402285047354872,400,f9a0423a1d3b0d2395df93743563d971
55107_RISEP1,5,1,0.403086366937891,6.78269714367896,0.0379128770609983,0.00406981193613156,400,f9a0423a1d3b0d2395df93743563d971
55107_RISEP1,5,2,0.403086366937891,6.78269714367896,0.0379128770609983,0.00406981193613156,400,f9a0423a1d3b0d2395df93743563d971
55107_RISEP1,5,3,0.403086366937891,6.78269714367896,0.0379128770609983,0.00406981193613156,400,f9a0423a1d3b0d2395df93743563d971
55107_RISEP1,5,4,0.403086366937891,6.78269714367896,0.0379128770609983,0.00406981193613156,400,f9a0423a1d3b0d2395df93743563d971
55107_RISEP2,1,1,0.775100757697888,13.042793809447,1.33259723137772,0.00782613251652426,400,f9a0423a1d3b0d2395df93743563d971
55107_RISEP2,1,2,0.775100757697888,13.042793809447,1.33259723137772,0.00782613251652426,400,f9a0423a1d3b0d2395df93743563d971
55107_RISEP2,1,3,0.775100757697888,13.042793809447,1.33259723137772,0.00782613251652426,400,f9a0423a1d3b0d2395df93743563d971
55107_RISEP2,1,4,0.775100757697888,13.042793809447,1.33259723137772,0.00782613251652426,400,f9a0423a1d3b0d2395df93743563d971
55107_RISEP2,2,1,0.453377546597313,7.62892847854356,0.160683318575148,0.00457765062852189,400,f9a0423a1d3b0d2395df93743563d971
55107_RISEP2,2,2,0.429193223953663,7.22202578581296,0.0391633768972366,0.00433353125075734,400,f9a0423a1d3b0d2395df93743563d971
55107_RISEP2,2,3,0.453377546597313,7.62892847854356,0.160683318575148,0.00457765062852189,400,f9a0423a1d3b0d2395df93743563d971
55107_RISEP2,2,4,0.453377546597313,7.62892847854356,0.160683318575148,0.00457765062852189,400,f9a0423a1d3b0d2395df93743563d971
55107_RISEP2,3,1,0.405934230102424,6.8306852414268,0.0355904970651609,0.00409859951554796,400,f9a0423a1d3b0d2395df93743563d971
55107_RISEP2,3,2,0.404437496295237,6.80543630802117,0.0350645807719384,0.00408345303155022,400,f9a0423a1d3b0d2395df93743563d971
55107_RISEP2,3,3,0.40402960473019,6.79851933143083,0.0349947834647813,0.00407947631816435,400,f9a0423a1d3b0d2395df93743563d971
55107_RISEP2,3,4,0.404689749218634,6.8096814399244,0.0355231533192861,0.00408600508941616,400,f9a0423a1d3b0d2395df93743563d971
55107_RISEP2,4,1,0.401400550384687,6.7543340285068,0.0349901978938555,0.00405276326433118,400,f9a0423a1d3b0d2395df93743563d971
55107_RISEP2,4,2,0.401414782236407,6.75457568823784,0.0349997534932067,0.00405291119637337,400,f9a0423a1d3b0d2395df93743563d971
55107_RISEP2,4,3,0.401400550384687,6.7543340285068,0.0349901978938555,0.00405276326433118,400,f9a0423a1d3b0d2395df93743563d971
55107_RISEP2,4,4,0.401400550384687,6.7543340285068,0.0349901978938555,0.00405276326433118,400,f9a0423a1d3b0d2395df93743563d971
55107_RISEP2,5,1,0.405141383369426,6.81728108118353,0.0374550521881071,0.00409056356521694,400,f9a0423a1d3b0d2395df93743563d971
55107_RISEP2,5,2,0.405141383369426,6.81728108118353,0.0374550521881071,0.00409056356521694,400,f9a0423a1d3b0d2395df93743563d971
55107_RISEP2,5,3,0.405141383369426,6.81728108118353,0.0374550521881071,0.00409056356521694,400,f9a0423a1d3b0d2395df93743563d971
55107_RISEP2,5,4,0.405141383369426,6.81728108118353,0.0374550521881071,0.00409056356521694,400,f9a0423a1d3b0d2395df93743563d971
55126_CT01,1,1,0.996997319034853,16.7766577301162,3.60625935908955,0.0100674709562109,289,f9a0423a1d3b0d2395df93743563d971
55126_CT01,1,2,0.996997319034853,16.7766577301162,3.60625935908955,0.0100674709562109,289,f9a0423a1d3b0d2395df93743563d971
55126_CT01,1,3,0.996997319034853,16.7766577301162,3.60625935908955,0.0100674709562109,289,f9a0423a1d3b0d2395df93743563d971
55126_CT01,1,4,0.996997319034853,16.7766577301162,3.60625935908955,0.0100674709562109,289,f9a0423a1d3b0d2395df93743563d971
55126_CT01,2,1,0.547967996833609,9.22074410188994,0.757046566787762,0.00553284423900598,289,f9a0423a1d3b0d2395df93743563d971
55126_CT01,2,2,0.547967996833609,9.22074410188994,0.757046566787762,0.00553284423900598,289,f9a0423a1d3b0d2395df93743563d971
55126_CT01,2,3,0.547967996833609,9.22074410188994,0.757046566787762,0.00553284423900598,289,f9a0423a1d3b0d2395df93743563d971
55126_CT01,2,4,0.547967996833609,9.22074410188994,0.757046566787762,0.00553284423900598,289,f9a0423a1d3b0d2395df93743563d971
55126_CT01,3,1,0.431129332017616,7.25444281335756,0.0433591860747818,0.00435293368992535,289,f9a0423a1d3b0d2395df93743563d971
55126_CT01,3,2,0.432680226688271,7.28061802668943,0.0433591860747818,0.00436864646626033,289,f9a0423a1d3b0d2395df93743563d971
55126_CT01,3,3,0.433709035683356,7.29803279237216,0.0433591860747818,0.00437908701818684,289,f9a0423a1d3b0d2395df93743563d971
55126_CT01,3,4,0.432514359860706,7.27782100953862,0.0433591860747818,0.00436696548147682,289,f9a0423a1d3b0d2395df93743563d971
55126_CT01,4,1,0.418677230329782,7.04497040724567,0.0408029136287575,0.00422725295780608,289,f9a0423a1d3b0d2395df93743563d971
55126_CT01,4,2,0.418075237813592,7.03490646507097,0.0408029136287575,0.00422113800749018,289,f9a0423a1d3b0d2395df93743563d971
55126_CT01,4,3,0.420899501667679,7.08240313271252,0.0408029136287575,0.00424963137601224,289,f9a0423a1d3b0d2395df93743563d971
55126_CT01,4,4,0.418253770318073,7.03790760084338,0.0408029136287575,0.00422293995969092,289,f9a0423a1d3b0d2395df93743563d971
55126_CT01,5,1,0.407570698111239,6.8582055028001,0.0406305474685791,0.00411506487182163,289,f9a0423a1d3b0d2395df93743563d971
55126_CT01,5,2,0.407366684005668,6.85475238112321,0.0406305474685791,0.00411298452045703,289,f9a0423a1d3b0d2395df93743563d971
55126_CT01,5,3,0.407570698111239,6.8582055028001,0.0406305474685791,0.00411506487182163,289,f9a0423a1d3b0d2395df93743563d971
55126_CT01,5,4,0.407570698111239,6.8582055028001,0.0406305474685791,0.00411506487182163,289,f9a0423a1d3b0d2395df93743563d971
55126_CT02,1,1,0.921661936505841,15.5083558841001,3.07513982102908,0.00930625041251403,289,f9a0423a1d3b0d2395df93743563d971
55126_CT02,1,2,0.921661936505841,15.5083558841001,3.07513982102908,0.00930625041251403,289,f9a0423a1d3b0d2395df93743563d971
55126_CT02,1,3,0.921661936505841,15.5083558841001,3.07513982102908,0.00930625041251403,289,f9a0423a1d3b0d2395df93743563d971
55126_CT02,1,4,0.921661936505841,15.5083558841001,3.07513982102908,0.00930625041251403,289,f9a0423a1d3b0d2395df93743563d971
55126_CT02,2,1,0.536565697215472,9.02869812868575,0.533852812480183,0.00541758632965468,289,f9a0423a1d3b0d2395df93743563d971
55126_CT02,2,2,0.536565697215472,9.02869812868575,0.533852812480183,0.00541758632965468,289,f9a0423a1d3b0d2395df93743563d971
55126_CT02,2,3,0.536565697215472,9.02869812868575,0.145577628748577,0.00541758632965468,289,f9a0423a1d3b0d2395df93743563d971
55126_CT02,2,4,0.536565697215472,9.02869812868575,0.533852812480183,0.00541758632965468,289,f9a0423a1d3b0d2395df93743563d971
55126_CT02,3,1,0.425990077055178,7.1681080651174,0.0397337820814377,0.00430112003791391,289,f9a0423a1d3b0d2395df93743563d971
55126_CT02,3,2,0.425990077055178,7.1681080651174,0.0413224089925604,0.00430112003791391,289,f9a0423a1d3b0d2395df93743563d971
55126_CT02,3,3,0.425990077055178,7.1681080651174,0.0417894794340963,0.00430112003791391,289,f9a0423a1d3b0d2395df93743563d971
55126_CT02,3,4,0.425990077055178,7.1681080651174,0.041431282969306,0.00430112003791391,289,f9a0423a1d3b0d2395df93743563d971
55126_CT02,4,1,0.413403176130313,6.95629074919523,0.0364434703886706,0.00417396824172234,289,f9a0423a1d3b0d2395df93743563d971
55126_CT02,4,2,0.413403176130313,6.95629074919523,0.04022056399294,0.00417396824172234,289,f9a0423a1d3b0d2395df93743563d971
55126_CT02,4,3,0.413403176130313,6.95629074919523,0.0397635144154754,0.00417396824172234,289,f9a0423a1d3b0d2395df93743563d971
55126_CT02,4,4,0.413403176130313,6.95629074919523,0.0401123515612856,0.00417396824172234,289,f9a0423a1d3b0d2395df93743563d971
55126_CT02,5,1,0.416242825556461,7.0040761375613,0.0442793720632607,0.00420265077569637,289,f9a0423a1d3b0d2395df93743563d971
55126_CT02,5,2,0.416242825556461,7.0040761375613,0.0442793720632607,0.00420265077569637,289,f9a0423a1d3b0d2395df93743563d971
55126_CT02,5,3,0.416242825556461,7.0040761375613,0.0442793720632607,0.00420265077569637,289,f9a0423a1d3b0d2395df93743563d971
55126_CT02,5,4,0.416242825556461,7.0040761375613,0.0442793720632607,0.00420265077569637,289,f9a0423a1d3b0d2395df93743563d971
55149_LRG1,1,1,1.10351365275631,18.5704894384338,1.72932362122789,0.011143019062339,280,f9a0423a1d3b0d2395df93743563d971
55149_LRG1,1,2,1.10351365275631,18.5704894384338,1.72932362122789,0.011143019062339,280,f9a0423a1d3b0d2395df93743563d971
55149_LRG1,1,3,1.10351365275631,18.5704894384338,1.72932362122789,0.011143019062339,280,f9a0423a1d3b0d2395df93743563d971
55149_LRG1,1,4,1.10351365275631,18.5704894384338,1.72932362122789,0.011143019062339,280,f9a0423a1d3b0d2395df93743563d971
55149_LRG1,2,1,0.730261182685365,12.2886481967089,0.0749677670294527,0.00737359147569642,280,f9a0423a1d3b0d2395df93743563d971
55149_LRG1,2,2,0.719386056060509,12.1054992966035,0.0744672094617569,0.00726380843101817,280,f9a0423a1d3b0d2395df93743563d971
55149_LRG1,2,3,0.695453436025384,11.7027132939198,0.0713868583190301,0.00702204805554049,280,f9a0423a1d3b0d2395df93743563d971
55149_LRG1,2,4,0.720844074766081,12.1300554327251,0.0811987511691885,0.00727852028795331,280,f9a0423a1d3b0d2395df93743563d971
55149_LRG1,3,1,0.652668810423801,10.9827192239,0.068136249698408,0.00658995064202983,280,f9a0423a1d3b0d2395df93743563d971
55149_LRG1,3,2,0.65239684306425,10.9781392432425,0.0681171299938626,0.00658720516722901,280,f9a0423a1d3b0d2395df93743563d971
55149_LRG1,3,3,0.656874843862026,11.0535522277715,0.0684472663831109,0.00663240398657061,280,f9a0423a1d3b0d2395df93743563d971
55149_LRG1,3,4,0.652668810423801,10.9827192239,0.068136249698408,0.00658995064202983,280,f9a0423a1d3b0d2395df93743563d971
55149_LRG1,4,1,0.666915481250558,11.2224799243275,0.0721338641264401,0.00673384170066601,280,f9a0423a1d3b0d2395df93743563d971
55149_LRG1,4,2,0.666915481250558,11.2224799243275,0.0721338641264401,0.00673384170066601,280,f9a0423a1d3b0d2395df93743563d971
55149_LRG1,4,3,0.666915481250558,11.2224799243275,0.0721338641264401,0.00673384170066601,280,f9a0423a1d3b0d2395df93743563d971
55149_LRG1,4,4,0.666915481250558,11.2224799243275,0.0721338641264401,0.00673384170066601,280,f9a0423a1d3b0d2395df93743563d971
55149_LRG1,5,1,0.666915481250558,11.2224799243275,0.0721338641264401,0.00673384170066601,280,f9a0423a1d3b0d2395df93743563d971
55149_LRG1,5,2,0.666915481250558,11.2224799243275,0.0721338641264401,0.00673384170066601,280,f9a0423a1d3b0d2395df93743563d971
55149_LRG1,5,3,0.666915481250558,11.2224799243275,0.0721338641264401,0.00673384170066601,280,f9a0423a1d3b0d2395df93743563d971
55149_LRG1,5,4,0.666915481250558,11.2224799243275,0.0721338641264401,0.00673384170066601,280,f9a0423a1d3b0d2395df93743563d971
55149_LRG2,1,1,1.12461017946455,18.9252721388644,1.90689655172414,0.0113552515445719,280,f9a0423a1d3b0d2395df93743563d971
55149_LRG2,1,2,1.12461017946455,18.9252721388644,1.90689655172414,0.0113552515445719,280,f9a0423a1d3b0d2395df93743563d971
55149_LRG2,1,3,1.12461017946455,18.9252721388644,1.90689655172414,0.0113552515445719,280,f9a0423a1d3b0d2395df93743563d971
55149_LRG2,1,4,1.12461017946455,18.9252721388644,1.90689655172414,0.0113552515445719,280,f9a0423a1d3b0d2395df93743563d971
55149_LRG2,2,1,0.722455046760108,12.1573085766613,0.0765850937817697,0.00729496825919864,280,f9a0423a1d3b0d2395df93743563d971
55149_LRG2,2,2,0.72017362586624,12.1188716106335,0.0765850937817697,0.00727182453746077,280,f9a0423a1d3b0d2395df93743563d971
55149_LRG2,2,3,0.69291493577885,11.660204612336,0.0765850937817697,0.00699649104327274,280,f9a0423a1d3b0d2395df93743563d971
55149_LRG2,2,4,0.719622985903877,12.1096177829729,0.0765850937817697,0.00726628252249072,280,f9a0423a1d3b0d2395df93743563d971
55149_LRG2,3,1,0.657542865376303,11.0654435425772,0.0677694173354903,0.00663954661159406,280,f9a0423a1d3b0d2395df93743563d971
55149_LRG2,3,2,0.645031533124493,10.8542450216136,0.0677694173354903,0.00651286064541908,280,f9a0423a1d3b0d2395df93743563d971
55149_LRG2,3,3,0.651753993559543,10.9674476117959,0.0677694173354903,0.00658078491092816,280,f9a0423a1d3b0d2395df93743563d971
55149_LRG2,3,4,0.645495946804799,10.862066882639,0.0677694173354903,0.00651755344070925,280,f9a0423a1d3b0d2395df93743563d971
55149_LRG2,4,1,0.661510025028039,11.1315821177778,0.0706086888744135,0.0066793046293585,280,f9a0423a1d3b0d2395df93743563d971
55149_LRG2,4,2,0.661510025028039,11.1315821177778,0.0706086888744135,0.0066793046293585,280,f9a0423a1d3b0d2395df93743563d971
55149_LRG2,4,3,0.661510025028039,11.1315821177778,0.0706086888744135,0.0066793046293585,280,f9a0423a1d3b0d2395df93743563d971
55149_LRG2,4,4,0.661510025028039,11.1315821177778,0.0706086888744135,0.0066793046293585,280,f9a0423a1d3b0d2395df93743563d971
55149_LRG2,5,1,0.661510025028039,11.1315821177778,0.0706086888744135,0.0066793046293585,280,f9a0423a1d3b0d2395df93743563d971
55149_LRG2,5,2,0.661510025028039,11.1315821177778,0.0706086888744135,0.0066793046293585,280,f9a0423a1d3b0d2395df93743563d971
55149_LRG2,5,3,0.661510025028039,11.1315821177778,0.0706086888744135,0.0066793046293585,280,f9a0423a1d3b0d2395df93743563d971
55149_LRG2,5,4,0.661510025028039,11.1315821177778,0.0706086888744135,0.0066793046293585,280,f9a0423a1d3b0d2395df93743563d971
55149_LRG3,1,1,1.07870214438082,18.1511283260357,1.19377347062386,0.0108918827888178,280,f9a0423a1d3b0d2395df93743563d971
55149_LRG3,1,2,1.07870214438082,18.1511283260357,1.19377347062386,0.0108918827888178,280,f9a0423a1d3b0d2395df93743563d971
55149_LRG3,1,3,1.07870214438082,18.1511283260357,1.19377347062386,0.0108918827888178,280,f9a0423a1d3b0d2395df93743563d971
55149_LRG3,1,4,1.07870214438082,18.1511283260357,1.19377347062386,0.0108918827888178,280,f9a0423a1d3b0d2395df93743563d971
55149_LRG3,2,1,0.717250735562207,12.0697120072581,0.0684773228292633,0.00724236880707496,280,f9a0423a1d3b0d2395df93743563d971
55149_LRG3,2,2,0.704364035415143,11.8527372082954,0.0677809030688956,0.00711213550920465,280,f9a0423a1d3b0d2395df93743563d971
55149_LRG3,2,3,0.686962932245951,11.5600448468373,0.0615116315040525,0.00693647721949609,280,f9a0423a1d3b0d2395df93743563d971
55149_LRG3,2,4,0.706565576862669,11.8898018182939,0.0718619463671092,0.00713438210623297,280,f9a0423a1d3b0d2395df93743563d971
55149_LRG3,3,1,0.651173962649373,10.9575451870534,0.0639764606977722,0.00657467123040894,280,f9a0423a1d3b0d2395df93743563d971
55149_LRG3,3,2,0.643313710155274,10.8253415485741,0.059973240506463,0.00649551873608196,280,f9a0423a1d3b0d2395df93743563d971
55149_LRG3,3,3,0.650148525127588,10.9404174450815,0.0564506994647715,0.00656461379887908,280,f9a0423a1d3b0d2395df93743563d971
55149_LRG3,3,4,0.643774679015738,10.8331017533514,0.0598118892298661,0.0065001774753147,280,f9a0423a1d3b0d2395df93743563d971
55149_LRG3,4,1,0.657716155364371,11.0677196267873,0.0632092387860845,0.0066409889589125,280,f9a0423a1d3b0d2395df93743563d971
55149_LRG3,4,2,0.657716155364371,11.0677196267873,0.0632092387860845,0.0066409889589125,280,f9a0423a1d3b0d2395df93743563d971
55149_LRG3,4,3,0.657716155364371,11.0677196267873,0.0632092387860845,0.0066409889589125,280,f9a0423a1d3b0d2395df93743563d971
55149_LRG3,4,4,0.657716155364371,11.0677196267873,0.0632092387860845,0.0066409889589125,280,f9a0423a1d3b0d2395df93743563d971
55149_LRG3,5,1,0.657716155364371,11.0677196267873,0.0632092387860845,0.0066409889589125,280,f9a0423a1d3b0d2395df93743563d971
55149_LRG3,5,2,0.657716155364371,11.0677196267873,0.0632092387860845,0.0066409889589125,280,f9a0423a1d3b0d2395df93743563d971
55149_LRG3,5,3,0.657716155364371,11.0677196267873,0.0632092387860845,0.0066409889589125,280,f9a0423a1d3b0d2395df93743563d971
55149_LRG3,5,4,0.657716155364371,11.0677196267873,0.0632092387860845,0.0066409889589125,280,f9a0423a1d3b0d2395df93743563d971
55170_0001,1,1,0.751757360766229,12.6496161759489,0.092138059168215,0.00759006739978716,530,f9a0423a1d3b0d2395df93743563d971
55170_0001,1,2,0.763137503649056,12.8412713972852,0.100836708165197,0.00770518388240368,530,f9a0423a1d3b0d2395df93743563d971
55170_0001,1,3,0.767210990015957,12.9098186614187,0.136468425035855,0.00774630951257674,530,f9a0423a1d3b0d2395df93743563d971
55170_0001,1,4,0.767210990015957,12.9098186614187,0.136468425035855,0.00774630951257674,530,f9a0423a1d3b0d2395df93743563d971
55170_0001,2,1,0.6865901812178,11.5532812158103,0.0839393482196741,0.00693232678880468,530,f9a0423a1d3b0d2395df93743563d971
55170_0001,2,2,0.62626599190672,10.5381243108692,0.0838579310682064,0.00632312126340499,530,f9a0423a1d3b0d2395df93743563d971
55170_0001,2,3,0.623925459139895,10.4987422361471,0.0788000723662368,0.00629949972841275,530,f9a0423a1d3b0d2395df93743563d971
55170_0001,2,4,0.627588206869011,10.5603744922948,0.0836942126114319,0.00633647395812893,530,f9a0423a1d3b0d2395df93743563d971
55170_0001,3,1,0.639816680831946,10.7661438043178,0.0883240491402907,0.00645995024282427,530,f9a0423a1d3b0d2395df93743563d971
55170_0001,3,2,0.639816680831946,10.7661438043178,0.0883240491402907,0.00645995024282427,530,f9a0423a1d3b0d2395df93743563d971
55170_0001,3,3,0.639816680831946,10.7661438043178,0.0883240491402907,0.00645995024282427,530,f9a0423a1d3b0d2395df93743563d971
55170_0001,3,4,0.639816680831946,10.7661438043178,0.0883240491402907,0.00645995024282427,530,f9a0423a1d3b0d2395df93743563d971
55170_0001,4,1,0.639816680831946,10.7661438043178,0.0883240491402907,0.00645995024282427,530,f9a0423a1d3b0d2395df93743563d971
55170_0001,4,2,0.639816680831946,10.7661438043178,0.0883240491402907,0.00645995024282427,530,f9a0423a1d3b0d2395df93743563d971
55170_0001,4,3,0.639816680831946,10.7661438043178,0.0883240491402907,0.00645995024282427,530,f9a0423a1d3b0d2395df93743563d971
55170_0001,4,4,0.639816680831946,10.7661438043178,0.0883240491402907,0.00645995024282427,530,f9a0423a1d3b0d2395df93743563d971
55170_0001,5,1,0.639816680831946,10.7661438043178,0.0883240491402907,0.00645995024282427,530,f9a0423a1d3b0d2395df93743563d971
55170_0001,5,2,0.639816680831946,10.7661438043178,0.0883240491402907,0.00645995024282427,530,f9a0423a1d3b0d2395df93743563d971
55170_0001,5,3,0.639816680831946,10.7661438043178,0.0883240491402907,0.00645995024282427,530,f9a0423a1d3b0d2395df93743563d971
55170_0001,5,4,0.639816680831946,10.7661438043178,0.0883240491402907,0.00645995024282427,530,f9a0423a1d3b0d2395df93743563d971
55170_0002,1,1,0.747157195683345,12.5722662440571,0.0927066697087231,0.00754380801448947,530,f9a0423a1d3b0d2395df93743563d971
55170_0002,1,2,0.755333183063837,12.7099776968432,0.100508549228379,0.00762637466930825,530,f9a0423a1d3b0d2395df93743563d971
55170_0002,1,3,0.760737136236905,12.8008946117038,0.142057775937047,0.00768093413962633,530,f9a0423a1d3b0d2395df93743563d971
55170_0002,1,4,0.760737136236905,12.8008946117038,0.142057775937047,0.00768093413962633,530,f9a0423a1d3b0d2395df93743563d971
55170_0002,2,1,0.681719862423428,11.4711842299361,0.0846221931991629,0.00688300944868441,530,f9a0423a1d3b0d2395df93743563d971
55170_0002,2,2,0.624697057619123,10.511719631852,0.0827950872857527,0.00630727401326806,530,f9a0423a1d3b0d2395df93743563d971
55170_0002,2,3,0.622017018464915,10.466643158293,0.0789203004706542,0.00628020041459185,530,f9a0423a1d3b0d2395df93743563d971
55170_0002,2,4,0.626157865881177,10.5363014808554,0.0827175648972122,0.00632202313840441,530,f9a0423a1d3b0d2395df93743563d971
55170_0002,3,1,0.637004521142747,10.718820257837,0.0875348682023761,0.00643154693058931,530,f9a0423a1d3b0d2395df93743563d971
55170_0002,3,2,0.637004521142747,10.718820257837,0.0875348682023761,0.00643154693058931,530,f9a0423a1d3b0d2395df93743563d971
55170_0002,3,3,0.637004521142747,10.718820257837,0.0875348682023761,0.00643154693058931,530,f9a0423a1d3b0d2395df93743563d971
55170_0002,3,4,0.637004521142747,10.718820257837,0.0875348682023761,0.00643154693058931,530,f9a0423a1d3b0d2395df93743563d971
55170_0002,4,1,0.637004521142747,10.718820257837,0.0875348682023761,0.00643154693058931,530,f9a0423a1d3b0d2395df93743563d971
55170_0002,4,2,0.637004521142747,10.718820257837,0.0875348682023761,0.00643154693058931,530,f9a0423a1d3b0d2395df93743563d971
55170_0002,4,3,0.637004521142747,10.718820257837,0.0875348682023761,0.00643154693058931,530,f9a0423a1d3b0d2395df93743563d971
55170_0002,4,4,0.637004521142747,10.718820257837,0.0875348682023761,0.00643154693058931,530,f9a0423a1d3b0d2395df93743563d971
55170_0002,5,1,0.637004521142747,10.718820257837,0.0875348682023761,0.00643154693058931,530,f9a0423a1d3b0d2395df93743563d971
55170_0002,5,2,0.637004521142747,10.718820257837,0.0875348682023761,0.00643154693058931,530,f9a0423a1d3b0d2395df93743563d971
55170_0002,5,3,0.637004521142747,10.718820257837,0.0875348682023761,0.00643154693058931,530,f9a0423a1d3b0d2395df93743563d971
55170_0002,5,4,0.637004521142747,10.718820257837,0.0875348682023761,0.00643154693058931,530,f9a0423a1d3b0d2395df93743563d971
55211_1,1,1,1.10299319395994,18.5600200034152,2.71409283117782,0.0111373405215525,289,f9a0423a1d3b0d2395df93743563d971
55211_1,1,2,1.10299319395994,18.5600200034152,2.71409283117782,0.0111373405215525,289,f9a0423a1d3b0d2395df93743563d971
55211_1,1,3,1.10299319395994,18.5600200034152,2.71409283117782,0.0111373405215525,289,f9a0423a1d3b0d2395df93743563d971
55211_1,1,4,1.10299319395994,18.5600200034152,2.71409283117782,0.0111373405215525,289,f9a0423a1d3b0d2395df93743563d971
55211_1,2,1,0.692151103973292,11.6466643693568,0.0716061052043949,0.0069884449530843,289,f9a0423a1d3b0d2395df93743563d971
55211_1,2,2,0.692098384731808,11.6458793070473,0.0704604267846879,0.00698797639314225,289,f9a0423a1d3b0d2395df93743563d971
55211_1,2,3,0.669179040921471,11.2602025414653,0.0711557720706805,0.00675645274173012,289,f9a0423a1d3b0d2395df93743563d971
55211_1,2,4,0.690868972422831,11.6251804844394,0.0707954979107427,0.00697554940222928,289,f9a0423a1d3b0d2395df93743563d971
55211_1,3,1,0.633647849980003,10.6623096449568,0.0643903075754699,0.00639769890606653,289,f9a0423a1d3b0d2395df93743563d971
55211_1,3,2,0.634340352973084,10.6739566203143,0.0643243439260101,0.00640468560475394,289,f9a0423a1d3b0d2395df93743563d971
55211_1,3,3,0.625496905413213,10.5252348470581,0.0651654114383283,0.00631546910360721,289,f9a0423a1d3b0d2395df93743563d971
55211_1,3,4,0.633647849980003,10.6623096449568,0.0643903075754699,0.00639769890606653,289,f9a0423a1d3b0d2395df93743563d971
55211_1,4,1,0.664447613225025,11.1805829109463,0.0810496269669547,0.00670873158198456,289,f9a0423a1d3b0d2395df93743563d971
55211_1,4,2,0.664447613225025,11.1805829109463,0.0810496269669547,0.00670873158198456,289,f9a0423a1d3b0d2395df93743563d971
55211_1,4,3,0.664447613225025,11.1805829109463,0.0810496269669547,0.00670873158198456,289,f9a0423a1d3b0d2395df93743563d971
55211_1,4,4,0.664447613225025,11.1805829109463,0.0810496269669547,0.00670873158198456,289,f9a0423a1d3b0d2395df93743563d971
55211_1,5,1,0.664447613225025,11.1805829109463,0.0810496269669547,0.00670873158198456,289,f9a0423a1d3b0d2395df93743563d971
55211_1,5,2,0.664447613225025,11.1805829109463,0.0810496269669547,0.00670873158198456,289,f9a0423a1d3b0d2395df93743563d971
55211_1,5,3,0.664447613225025,11.1805829109463,0.0810496269669547,0.00670873158198456,289,f9a0423a1d3b0d2395df93743563d971
55211_1,5,4,0.664447613225025,11.1805829109463,0.0810496269669547,0.00670873158198456,289,f9a0423a1d3b0d2395df93743563d971
55211_2,1,1,1.08273516410527,18.2189299374728,2.51934688421829,0.0109324339799821,289,f9a0423a1d3b0d2395df93743563d971
55211_2,1,2,1.08273516410527,18.2189299374728,2.51934688421829,0.0109324339799821,289,f9a0423a1d3b0d2395df93743563d971
55211_2,1,3,1.08273516410527,18.2189299374728,2.51934688421829,0.0109324339799821,289,f9a0423a1d3b0d2395df93743563d971
55211_2,1,4,1.08273516410527,18.2189299374728,2.51934688421829,0.0109324339799821,289,f9a0423a1d3b0d2395df93743563d971
55211_2,2,1,0.677841602581064,11.4061229134837,0.0705180321481876,0.0068441347092178,289,f9a0423a1d3b0d2395df93743563d971
55211_2,2,2,0.680079827945669,11.4436605182409,0.0699723255583984,0.00686662014365567,289,f9a0423a1d3b0d2395df93743563d971
55211_2,2,3,0.655531863568616,11.0305570632275,0.0722047953692712,0.00661866670112774,289,f9a0423a1d3b0d2395df93743563d971
55211_2,2,4,0.678258262735951,11.4130219678831,0.0705334713339843,0.00684823719349482,289,f9a0423a1d3b0d2395df93743563d971
55211_2,3,1,0.627121106568118,10.5525490547421,0.0646492516352793,0.00633184297402535,289,f9a0423a1d3b0d2395df93743563d971
55211_2,3,2,0.628500195340351,10.5757421598873,0.0647141413006852,0.00634575903007479,289,f9a0423a1d3b0d2395df93743563d971
55211_2,3,3,0.61386929417755,10.3296825243921,0.0641028409735893,0.00619813120123302,289,f9a0423a1d3b0d2395df93743563d971
55211_2,3,4,0.627121106568118,10.5525490547421,0.0646492516352793,0.00633184297402535,289,f9a0423a1d3b0d2395df93743563d971
55211_2,4,1,0.652355381642858,10.9771599425093,0.0808880481197531,0.00658666272087634,289,f9a0423a1d3b0d2395df93743563d971
55211_2,4,2,0.652355381642858,10.9771599425093,0.0808880481197531,0.00658666272087634,289,f9a0423a1d3b0d2395df93743563d971
55211_2,4,3,0.652355381642858,10.9771599425093,0.0808880481197531,0.00658666272087634,289,f9a0423a1d3b0d2395df93743563d971
55211_2,4,4,0.652355381642858,10.9771599425093,0.0808880481197531,0.00658666272087634,289,f9a0423a1d3b0d2395df93743563d971
55211_2,5,1,0.652355381642858,10.9771599425093,0.0808880481197531,0.00658666272087634,289,f9a0423a1d3b0d2395df93743563d971
55211_2,5,2,0.652355381642858,10.9771599425093,0.0808880481197531,0.00658666272087634,289,f9a0423a1d3b0d2395df93743563d971
55211_2,5,3,0.652355381642858,10.9771599425093,0.0808880481197531,0.00658666272087634,289,f9a0423a1d3b0d2395df93743563d971
55211_2,5,4,0.652355381642858,10.9771599425093,0.0808880481197531,0.00658666272087634,289,f9a0423a1d3b0d2395df93743563d971
55212_1,1,1,1.01333007547375,17.0505049682359,2.04359116174885,0.0102308193516859,289,f9a0423a1d3b0d2395df93743563d971
55212_1,1,2,1.01333007547375,17.0505049682359,2.04359116174885,0.0102308193516859,289,f9a0423a1d3b0d2395df93743563d971
55212_1,1,3,1.01333007547375,17.0505049682359,2.04359116174885,0.0102308193516859,289,f9a0423a1d3b0d2395df93743563d971
55212_1,1,4,1.01333007547375,17.0505049682359,2.04359116174885,0.0102308193516859,289,f9a0423a1d3b0d2395df93743563d971
55212_1,2,1,0.66336620483407,11.1624826127207,0.0713521483279185,0.00669794709526672,289,f9a0423a1d3b0d2395df93743563d971
55212_1,2,2,0.66336620483407,11.1624826127207,0.0692521378264448,0.00669794709526672,289,f9a0423a1d3b0d2395df93743563d971
55212_1,2,3,0.66336620483407,11.1624826127207,0.0779892311950658,0.00669794709526672,289,f9a0423a1d3b0d2395df93743563d971
55212_1,2,4,0.66336620483407,11.1624826127207,0.0709130261619945,0.00669794709526672,289,f9a0423a1d3b0d2395df93743563d971
55212_1,3,1,0.618210161976364,10.4025735303905,0.0661753408372673,0.00624183955485916,289,f9a0423a1d3b0d2395df93743563d971
55212_1,3,2,0.618210161976364,10.4025735303905,0.0661453466909378,0.00624183955485916,289,f9a0423a1d3b0d2395df93743563d971
55212_1,3,3,0.618210161976364,10.4025735303905,0.0666095477144374,0.00624183955485916,289,f9a0423a1d3b0d2395df93743563d971
55212_1,3,4,0.618210161976364,10.4025735303905,0.0661753408372673,0.00624183955485916,289,f9a0423a1d3b0d2395df93743563d971
55212_1,4,1,0.642247407897862,10.8070779536544,0.0781558676085831,0.00648462254969529,289,f9a0423a1d3b0d2395df93743563d971
55212_1,4,2,0.642247407897862,10.8070779536544,0.0781558676085831,0.00648462254969529,289,f9a0423a1d3b0d2395df93743563d971
55212_1,4,3,0.642247407897862,10.8070779536544,0.0781558676085831,0.00648462254969529,289,f9a0423a1d3b0d2395df93743563d971
55212_1,4,4,0.642247407897862,10.8070779536544,0.0781558676085831,0.00648462254969529,289,f9a0423a1d3b0d2395df93743563d971
55212_1,5,1,0.642247407897862,10.8070779536544,0.0781558676085831,0.00648462254969529,289,f9a0423a1d3b0d2395df93743563d971
55212_1,5,2,0.642247407897862,10.8070779536544,0.0781558676085831,0.00648462254969529,289,f9a0423a1d3b0d2395df93743563d971
55212_1,5,3,0.642247407897862,10.8070779536544,0.0781558676085831,0.00648462254969529,289,f9a0423a1d3b0d2395df93743563d971
55212_1,5,4,0.642247407897862,10.8070779536544,0.0781558676085831,0.00648462254969529,289,f9a0423a1d3b0d2395df93743563d971
55212_2,1,1,1.0395320097789,17.4919485264487,1.85009686793671,0.0104964941031083,289,f9a0423a1d3b0d2395df93743563d971
55212_2,1,2,1.0395320097789,17.4919485264487,1.85009686793671,0.0104964941031083,289,f9a0423a1d3b0d2395df93743563d971
55212_2,1,3,1.0395320097789,17.4919485264487,1.85009686793671,0.0104964941031083,289,f9a0423a1d3b0d2395df93743563d971
55212_2,1,4,1.0395320097789,17.4919485264487,1.85009686793671,0.0104964941031083,289,f9a0423a1d3b0d2395df93743563d971
55212_2,2,1,0.667303885630498,11.2288219391496,0.0734147213613775,0.00673770619501466,289,f9a0423a1d3b0d2395df93743563d971
55212_2,2,2,0.664210918466705,11.17670486924,0.0691147376704497,0.00670655796010717,289,f9a0423a1d3b0d2395df93743563d971
55212_2,2,3,0.655502722030132,11.0300528266281,0.0778818932422427,0.00661842538161186,289,f9a0423a1d3b0d2395df93743563d971
55212_2,2,4,0.66430213406535,11.1782372742816,0.0704042668227078,0.00670746343888999,289,f9a0423a1d3b0d2395df93743563d971
55212_2,3,1,0.629262829967245,10.5884943175725,0.0666970541116463,0.00635340739998693,289,f9a0423a1d3b0d2395df93743563d971
55212_2,3,2,0.629649891705267,10.5950069158518,0.0667928901672949,0.00635731713201235,289,f9a0423a1d3b0d2395df93743563d971
55212_2,3,3,0.623000210227571,10.483123105762,0.065150235732883,0.00629014908638601,289,f9a0423a1d3b0d2395df93743563d971
55212_2,3,4,0.629262829967245,10.5884943175725,0.0666970541116463,0.00635340739998693,289,f9a0423a1d3b0d2395df93743563d971
55212_2,4,1,0.648019680709945,10.9041804951597,0.0771272772105503,0.00654292463745632,289,f9a0423a1d3b0d2395df93743563d971
55212_2,4,2,0.648019680709945,10.9041804951597,0.0771272772105503,0.00654292463745632,289,f9a0423a1d3b0d2395df93743563d971
55212_2,4,3,0.648019680709945,10.9041804951597,0.0771272772105503,0.00654292463745632,289,f9a0423a1d3b0d2395df93743563d971
55212_2,4,4,0.648019680709945,10.9041804951597,0.0771272772105503,0.00654292463745632,289,f9a0423a1d3b0d2395df93743563d971
55212_2,5,1,0.648019680709945,10.9041804951597,0.0771272772105503,0.00654292463745632,289,f9a0423a1d3b0d2395df93743563d971
55212_2,5,2,0.648019680709945,10.9041804951597,0.0771272772105503,0.00654292463745632,289,f9a0423a1d3b0d2395df93743563d971
55212_2,5,3,0.648019680709945,10.9041804951597,0.0771272772105503,0.00654292463745632,289,f9a0423a1d3b0d2395df93743563d971
55212_2,5,4,0.648019680709945,10.9041804951597,0.0771272772105503,0.00654292463745632,289,f9a0423a1d3b0d2395df93743563d971
55294_1,1,1,0.53640109182675,9.0253643714271,1.96960788833122,0.00536369902849881,379.7,f9a0423a1d3b0d2395df93743563d971
55294_1,1,2,0.53640109182675,9.0253643714271,2.29833439588689,0.00565809768637532,379.7,f9a0423a1d3b0d2395df93743563d971
55294_1,1,3,0.53640109182675,9.0253643714271,1.96960788833122,0.00536369902849881,379.7,f9a0423a1d3b0d2395df93743563d971
55294_1,1,4,0.53640109182675,9.0253643714271,1.96960788833122,0.00536369902849881,379.7,f9a0423a1d3b0d2395df93743563d971
55294_1,2,1,0.406717161119793,6.84369356955175,0.0704252316989835,0.00413128897240967,379.7,f9a0423a1d3b0d2395df93743563d971
55294_1,2,2,0.406717161119793,6.84369356955175,0.0589161573609466,0.00414967537810706,379.7,f9a0423a1d3b0d2395df93743563d971
55294_1,2,3,0.406717161119793,6.84369356955175,0.23558215061414,0.00415096989215099,379.7,f9a0423a1d3b0d2395df93743563d971
55294_1,2,4,0.406717161119793,6.84369356955175,0.177663872070527,0.00419095559477995,379.7,f9a0423a1d3b0d2395df93743563d971
55294_1,3,1,0.374130621373486,6.29547213789256,0.0595510275125031,0.003960837326959,379.7,f9a0423a1d3b0d2395df93743563d971
55294_1,3,2,0.374130621373486,6.29547213789256,0.0542213314110306,0.00384280016193806,379.7,f9a0423a1d3b0d2395df93743563d971
55294_1,3,3,0.374130621373486,6.29547213789256,0.0546728550104407,0.00386341821247375,379.7,f9a0423a1d3b0d2395df93743563d971
55294_1,3,4,0.374130621373486,6.29547213789256,0.054623768918729,0.00385136115416972,379.7,f9a0423a1d3b0d2395df93743563d971
55294_1,4,1,0.368235078025961,6.19625158992893,0.0526711469691996,0.00376423025314141,379.7,f9a0423a1d3b0d2395df93743563d971
55294_1,4,2,0.368235078025961,6.19625158992893,0.0526978218314392,0.00376386066097399,379.7,f9a0423a1d3b0d2395df93743563d971
55294_1,4,3,0.368235078025961,6.19625158992893,0.0523871454720435,0.00376812660791677,379.7,f9a0423a1d3b0d2395df93743563d971
55294_1,4,4,0.368235078025961,6.19625158992893,0.0526711469691996,0.00376423025314141,379.7,f9a0423a1d3b0d2395df93743563d971
55294_1,5,1,0.37758329647773,6.35355167980902,0.0825433304859727,0.0038984598788367,379.7,f9a0423a1d3b0d2395df93743563d971
55294_1,5,2,0.37758329647773,6.35355167980902,0.0825433304859727,0.0038984598788367,379.7,f9a0423a1d3b0d2395df93743563d971
55294_1,5,3,0.37758329647773,6.35355167980902,0.0825433304859727,0.0038984598788367,379.7,f9a0423a1d3b0d2395df93743563d971
55294_1,5,4,0.37758329647773,6.35355167980902,0.0825433304859727,0.0038984598788367,379.7,f9a0423a1d3b0d2395df93743563d971
55294_2,1,1,0.525612945406996,8.84389233954451,1.77149654373024,0.00521336143308746,379.7,f9a0423a1d3b0d2395df93743563d971
55294_2,1,2,0.525612945406996,8.84389233954451,1.77149654373024,0.00521336143308746,379.7,f9a0423a1d3b0d2395df93743563d971
55294_2,1,3,0.525612945406996,8.84389233954451,1.77149654373024,0.00521336143308746,379.7,f9a0423a1d3b0d2395df93743563d971
55294_2,1,4,0.525612945406996,8.84389233954451,1.77149654373024,0.00521336143308746,379.7,f9a0423a1d3b0d2395df93743563d971
55294_2,2,1,0.410798565797723,6.91252521502617,0.0713428360202851,0.00413079596892388,379.7,f9a0423a1d3b0d2395df93743563d971
55294_2,2,2,0.410798565797723,6.91252521502617,0.0577111708211067,0.00415307307314309,379.7,f9a0423a1d3b0d2395df93743563d971
55294_2,2,3,0.410798565797723,6.91252521502617,0.192059958965774,0.00416321822654567,379.7,f9a0423a1d3b0d2395df93743563d971
55294_2,2,4,0.410798565797723,6.91252521502617,0.187304930942778,0.00420618946896914,379.7,f9a0423a1d3b0d2395df93743563d971
55294_2,3,1,0.374639361628292,6.30404052483388,0.0569480705181252,0.00396080799337979,379.7,f9a0423a1d3b0d2395df93743563d971
55294_2,3,2,0.374639361628292,6.30404052483388,0.0518980925583569,0.00384765999320456,379.7,f9a0423a1d3b0d2395df93743563d971
55294_2,3,3,0.374639361628292,6.30404052483388,0.0522557838001907,0.00386613102065639,379.7,f9a0423a1d3b0d2395df93743563d971
55294_2,3,4,0.374639361628292,6.30404052483388,0.052391475450411,0.00385657801107593,379.7,f9a0423a1d3b0d2395df93743563d971
55294_2,4,1,0.368262600625266,6.19673424036775,0.0504872404190349,0.00376196498698795,379.7,f9a0423a1d3b0d2395df93743563d971
55294_2,4,2,0.368262600625266,6.19673424036775,0.0504988640480786,0.00376166087548782,379.7,f9a0423a1d3b0d2395df93743563d971
55294_2,4,3,0.368262600625266,6.19673424036775,0.0503614554904308,0.00376525592505802,379.7,f9a0423a1d3b0d2395df93743563d971
55294_2,4,4,0.368262600625266,6.19673424036775,0.0504872404190349,0.00376196498698795,379.7,f9a0423a1d3b0d2395df93743563d971
55294_2,5,1,0.377784851695769,6.35697014834875,0.0816230536702958,0.0038990508178851,379.7,f9a0423a1d3b0d2395df93743563d971
55294_2,5,2,0.377784851695769,6.35697014834875,0.0816230536702958,0.0038990508178851,379.7,f9a0423a1d3b0d2395df93743563d971
55294_2,5,3,0.377784851695769,6.35697014834875,0.0816230536702958,0.0038990508178851,379.7,f9a0423a1d3b0d2395df93743563d971
55294_2,5,4,0.377784851695769,6.35697014834875,0.0816230536702958,0.0038990508178851,379.7,f9a0423a1d3b0d2395df93743563d971
55317_11,1,1,0.777213780455855,13.0370360667191,1.28768962009641,0.00783075713911449,593.6,f9a0423a1d3b0d2395df93743563d971
55317_11,1,2,0.777213780455855,13.0370360667191,1.28768962009641,0.00783075713911449,593.6,f9a0423a1d3b0d2395df93743563d971
55317_11,1,3,0.777213780455855,13.0370360667191,1.28768962009641,0.00783075713911449,593.6,f9a0423a1d3b0d2395df93743563d971
55317_11,1,4,0.777213780455855,13.0370360667191,1.28768962009641,0.00783075713911449,593.6,f9a0423a1d3b0d2395df93743563d971
55317_11,2,1,0.431452167440542,7.22110232871371,0.0572111074747072,0.00434803104951618,593.6,f9a0423a1d3b0d2395df93743563d971
55317_11,2,2,0.42812097635211,7.13177381920492,0.0495941015880396,0.00429693083163032,593.6,f9a0423a1d3b0d2395df93743563d971
55317_11,2,3,0.467236269164624,7.78198616853892,0.0788943091830936,0.00469269274397161,593.6,f9a0423a1d3b0d2395df93743563d971
55317_11,2,4,0.431349698895573,7.18942173428652,0.0581108058145395,0.00433124352433192,593.6,f9a0423a1d3b0d2395df93743563d971
55317_11,3,1,0.417647328699562,7.02797582180625,0.0457034982100307,0.00421705319661414,593.6,f9a0423a1d3b0d2395df93743563d971
55317_11,3,2,0.414086858730331,6.94498375275682,0.0454895166995797,0.00417632849308707,593.6,f9a0423a1d3b0d2395df93743563d971
55317_11,3,3,0.416707924846159,6.99311370567085,0.0474571189426212,0.00420196229829118,593.6,f9a0423a1d3b0d2395df93743563d971
55317_11,3,4,0.414221702004027,6.9475633951918,0.0455753543181595,0.00417768292886554,593.6,f9a0423a1d3b0d2395df93743563d971
55317_11,4,1,0.419107787775106,7.01879519416831,0.0513942416119643,0.00422241424746482,593.6,f9a0423a1d3b0d2395df93743563d971
55317_11,4,2,0.419107787775106,7.01879519416831,0.0513942416119643,0.00422241424746482,593.6,f9a0423a1d3b0d2395df93743563d971
55317_11,4,3,0.419107787775106,7.01879519416831,0.0513942416119643,0.00422241424746482,593.6,f9a0423a1d3b0d2395df93743563d971
55317_11,4,4,0.419107787775106,7.01879519416831,0.0513942416119643,0.00422241424746482,593.6,f9a0423a1d3b0d2395df93743563d971
55317_11,5,1,0.419107787775106,7.01879519416831,0.0513942416119643,0.00422241424746482,593.6,f9a0423a1d3b0d2395df93743563d971
55317_11,5,2,0.419107787775106,7.01879519416831,0.0513942416119643,0.00422241424746482,593.6,f9a0423a1d3b0d2395df93743563d971
55317_11,5,3,0.419107787775106,7.01879519416831,0.0513942416119643,0.00422241424746482,593.6,f9a0423a1d3b0d2395df93743563d971
55317_11,5,4,0.419107787775106,7.01879519416831,0.0513942416119643,0.00422241424746482,593.6,f9a0423a1d3b0d2395df93743563d971
55317_12,1,1,0.78868099337898,13.1904887804217,1.45153191196383,0.00794965313086118,593.6,f9a0423a1d3b0d2395df93743563d971
55317_12,1,2,0.78868099337898,13.1904887804217,1.45153191196383,0.00794965313086118,593.6,f9a0423a1d3b0d2395df93743563d971
55317_12,1,3,0.78868099337898,13.1904887804217,1.45153191196383,0.00794965313086118,593.6,f9a0423a1d3b0d2395df93743563d971
55317_12,1,4,0.78868099337898,13.1904887804217,1.45153191196383,0.00794965313086118,593.6,f9a0423a1d3b0d2395df93743563d971
55317_12,2,1,0.447435272494806,7.4773807143091,0.0573500200240288,0.00450942943902829,593.6,f9a0423a1d3b0d2395df93743563d971
55317_12,2,2,0.443923660852566,7.4773807143091,0.0490347479124828,0.00447691449277161,593.6,f9a0423a1d3b0d2395df93743563d971
55317_12,2,3,0.470990783410138,7.4773807143091,0.08946097578297,0.00473380007089685,593.6,f9a0423a1d3b0d2395df93743563d971
55317_12,2,4,0.446418267039492,7.4773807143091,0.0572690462741977,0.00450154201577843,593.6,f9a0423a1d3b0d2395df93743563d971
55317_12,3,1,0.439257224110091,7.25227144179806,0.0479966500373557,0.00443494083339358,593.6,f9a0423a1d3b0d2395df93743563d971
55317_12,3,2,0.432233802913786,7.25227144179806,0.0464625634124425,0.00436527164902784,593.6,f9a0423a1d3b0d2395df93743563d971
55317_12,3,3,0.436084966133573,7.25227144179806,0.0480402581391244,0.00439903203138968,593.6,f9a0423a1d3b0d2395df93743563d971
55317_12,3,4,0.432474891609655,7.25227144179806,0.0465498610505801,0.00436747121428119,593.6,f9a0423a1d3b0d2395df93743563d971
55317_12,4,1,0.436054751460016,7.31046273732944,0.0516540418459309,0.00440222498846052,593.6,f9a0423a1d3b0d2395df93743563d971
55317_12,4,2,0.436054751460016,7.31046273732944,0.0516540418459309,0.00440222498846052,593.6,f9a0423a1d3b0d2395df93743563d971
55317_12,4,3,0.436054751460016,7.31046273732944,0.0516540418459309,0.00440222498846052,593.6,f9a0423a1d3b0d2395df93743563d971
55317_12,4,4,0.436054751460016,7.31046273732944,0.0516540418459309,0.00440222498846052,593.6,f9a0423a1d3b0d2395df93743563d971
55317_12,5,1,0.436054751460016,7.31046273732944,0.0516540418459309,0.00440222498846052,593.6,f9a0423a1d3b0d2395df93743563d971
55317_12,5,2,0.436054751460016,7.31046273732944,0.0516540418459309,0.00440222498846052,593.6,f9a0423a1d3b0d2395df93743563d971
55317_12,5,3,0.436054751460016,7.31046273732944,0.0516540418459309,0.00440222498846052,593.6,f9a0423a1d3b0d2395df93743563d971
55317_12,5,4,0.436054751460016,7.31046273732944,0.0516540418459309,0.00440222498846052,593.6,f9a0423a1d3b0d2395df93743563d971
55517_CT01,1,1,0.576038747081665,9.69280694278564,0.0819311860866186,0.00617456592585479,50,f9a0423a1d3b0d2395df93743563d971
55517_CT01,1,2,0.576038747081665,9.69280694278564,0.0819311860866186,0.00617456592585479,50,f9a0423a1d3b0d2395df93743563d971
55517_CT01,1,3,0.576038747081665,9.69280694278564,0.0819311860866186,0.00617456592585479,50,f9a0423a1d3b0d2395df93743563d971
55517_CT01,1,4,0.576038747081665,9.69280694278564,0.0819311860866186,0.00617456592585479,50,f9a0423a1d3b0d2395df93743563d971
55517_CT01,2,1,0.576038747081665,9.69280694278564,0.0819311860866186,0.00617456592585479,50,f9a0423a1d3b0d2395df93743563d971
55517_CT01,2,2,0.576038747081665,9.69280694278564,0.0819311860866186,0.00617456592585479,50,f9a0423a1d3b0d2395df93743563d971
55517_CT01,2,3,0.576038747081665,9.69280694278564,0.0819311860866186,0.00617456592585479,50,f9a0423a1d3b0d2395df93743563d971
55517_CT01,2,4,0.576038747081665,9.69280694278564,0.0819311860866186,0.00617456592585479,50,f9a0423a1d3b0d2395df93743563d971
55517_CT01,3,1,0.576038747081665,9.69280694278564,0.104250122129946,0.00617456592585479,50,f9a0423a1d3b0d2395df93743563d971
55517_CT01,3,2,0.576038747081665,9.69280694278564,0.104250122129946,0.00617456592585479,50,f9a0423a1d3b0d2395df93743563d971
55517_CT01,3,3,0.576038747081665,9.69280694278564,0.104250122129946,0.00617456592585479,50,f9a0423a1d3b0d2395df93743563d971
55517_CT01,3,4,0.576038747081665,9.69280694278564,0.104250122129946,0.00617456592585479,50,f9a0423a1d3b0d2395df93743563d971
55517_CT01,4,1,0.576038747081665,9.69280694278564,0.0812009305030532,0.00617456592585479,50,f9a0423a1d3b0d2395df93743563d971
55517_CT01,4,2,0.576038747081665,9.69280694278564,0.0732043425814234,0.00617456592585479,50,f9a0423a1d3b0d2395df93743563d971
55517_CT01,4,3,0.576038747081665,9.69280694278564,0.0812009305030532,0.00617456592585479,50,f9a0423a1d3b0d2395df93743563d971
55517_CT01,4,4,0.576038747081665,9.69280694278564,0.0812009305030532,0.00617456592585479,50,f9a0423a1d3b0d2395df93743563d971
55517_CT01,5,1,0.576038747081665,9.69280694278564,0.0819311860866186,0.00617456592585479,50,f9a0423a1d3b0d2395df93743563d971
55517_CT01,5,2,0.576038747081665,9.69280694278564,0.0819311860866186,0.00617456592585479,50,f9a0423a1d3b0d2395df93743563d971
55517_CT01,5,3,0.576038747081665,9.69280694278564,0.0819311860866186,0.00617456592585479,50,f9a0423a1d3b0d2395df93743563d971
55517_CT01,5,4,0.576038747081665,9.69280694278564,0.0819311860866186,0.00617456592585479,50,f9a0423a1d3b0d2395df93743563d971
55517_CT02,1,1,0.582191333931422,9.79636020459285,0.0835384633469695,0.00609817194654487,50,f9a0423a1d3b0d2395df93743563d971
55517_CT02,1,2,0.582191333931422,9.79636020459285,0.0835384633469695,0.00609817194654487,50,f9a0423a1d3b0d2395df93743563d971
55517_CT02,1,3,0.582191333931422,9.79636020459285,0.0835384633469695,0.00609817194654487,50,f9a0423a1d3b0d2395df93743563d971
55517_CT02,1,4,0.582191333931422,9.79636020459285,0.0835384633469695,0.00609817194654487,50,f9a0423a1d3b0d2395df93743563d971
55517_CT02,2,1,0.582191333931422,9.79636020459285,0.0835384633469695,0.00609817194654487,50,f9a0423a1d3b0d2395df93743563d971
55517_CT02,2,2,0.582191333931422,9.79636020459285,0.0835384633469695,0.00609817194654487,50,f9a0423a1d3b0d2395df93743563d971
55517_CT02,2,3,0.582191333931422,9.79636020459285,0.0835384633469695,0.00609817194654487,50,f9a0423a1d3b0d2395df93743563d971
55517_CT02,2,4,0.582191333931422,9.79636020459285,0.0835384633469695,0.00609817194654487,50,f9a0423a1d3b0d2395df93743563d971
55517_CT02,3,1,0.612384279475983,10.3060087336245,0.0999824191279888,0.00609817194654487,50,f9a0423a1d3b0d2395df93743563d971
55517_CT02,3,2,0.612384279475983,10.3060087336245,0.0999824191279888,0.00609817194654487,50,f9a0423a1d3b0d2395df93743563d971
55517_CT02,3,3,0.612384279475983,10.3060087336245,0.0999824191279888,0.00609817194654487,50,f9a0423a1d3b0d2395df93743563d971
55517_CT02,3,4,0.612384279475983,10.3060087336245,0.0999824191279888,0.00609817194654487,50,f9a0423a1d3b0d2395df93743563d971
55517_CT02,4,1,0.581851590630684,9.7905100412042,0.0827466921429419,0.00609817194654487,50,f9a0423a1d3b0d2395df93743563d971
55517_CT02,4,2,0.581854662666159,9.79087345452519,0.0761258268851109,0.00609817194654487,50,f9a0423a1d3b0d2395df93743563d971
55517_CT02,4,3,0.581851590630684,9.7905100412042,0.0827466921429419,0.00609817194654487,50,f9a0423a1d3b0d2395df93743563d971
55517_CT02,4,4,0.581851590630684,9.7905100412042,0.0827466921429419,0.00609817194654487,50,f9a0423a1d3b0d2395df93743563d971
55517_CT02,5,1,0.582191333931422,9.79636020459285,0.0835384633469695,0.00609817194654487,50,f9a0423a1d3b0d2395df93743563d971
55517_CT02,5,2,0.582191333931422,9.79636020459285,0.0835384633469695,0.00609817194654487,50,f9a0423a1d3b0d2395df93743563d971
55517_CT02,5,3,0.582191333931422,9.79636020459285,0.0835384633469695,0.00609817194654487,50,f9a0423a1d3b0d2395df93743563d971
55517_CT02,5,4,0.582191333931422,9.79636020459285,0.0835384633469695,0.00609817194654487,50,f9a0423a1d3b0d2395df93743563d971
55517_CT03,1,1,0.605934560473667,10.1957712600869,0.0825477983515523,0.00652365945662035,50,f9a0423a1d3b0d2395df93743563d971
55517_CT03,1,2,0.605934560473667,10.1957712600869,0.0825477983515523,0.00652365945662035,50,f9a0423a1d3b0d2395df93743563d971
55517_CT03,1,3,0.605934560473667,10.1957712600869,0.0825477983515523,0.00652365945662035,50,f9a0423a1d3b0d2395df93743563d971
55517_CT03,1,4,0.605934560473667,10.1957712600869,0.0825477983515523,0.00652365945662035,50,f9a0423a1d3b0d2395df93743563d971
55517_CT03,2,1,0.605934560473667,10.1957712600869,0.0825477983515523,0.00652365945662035,50,f9a0423a1d3b0d2395df93743563d971
55517_CT03,2,2,0.605934560473667,10.1957712600869,0.0825477983515523,0.00652365945662035,50,f9a0423a1d3b0d2395df93743563d971
55517_CT03,2,3,0.605934560473667,10.1957712600869,0.0825477983515523,0.00652365945662035,50,f9a0423a1d3b0d2395df93743563d971
55517_CT03,2,4,0.605934560473667,10.1957712600869,0.0825477983515523,0.00652365945662035,50,f9a0423a1d3b0d2395df93743563d971
55517_CT03,3,1,0.605934560473667,10.1957712600869,0.11892687832208,0.00652365945662035,50,f9a0423a1d3b0d2395df93743563d971
55517_CT03,3,2,0.605934560473667,10.1957712600869,0.111204175770818,0.00652365945662035,50,f9a0423a1d3b0d2395df93743563d971
55517_CT03,3,3,0.605934560473667,10.1957712600869,0.11892687832208,0.00652365945662035,50,f9a0423a1d3b0d2395df93743563d971
55517_CT03,3,4,0.605934560473667,10.1957712600869,0.11892687832208,0.00652365945662035,50,f9a0423a1d3b0d2395df93743563d971
55517_CT03,4,1,0.605934560473667,10.1957712600869,0.0785273933547552,0.00652365945662035,50,f9a0423a1d3b0d2395df93743563d971
55517_CT03,4,2,0.605934560473667,10.1957712600869,0.0727688221851646,0.00652365945662035,50,f9a0423a1d3b0d2395df93743563d971
55517_CT03,4,3,0.605934560473667,10.1957712600869,0.0785273933547552,0.00652365945662035,50,f9a0423a1d3b0d2395df93743563d971
55517_CT03,4,4,0.605934560473667,10.1957712600869,0.0785273933547552,0.00652365945662035,50,f9a0423a1d3b0d2395df93743563d971
55517_CT03,5,1,0.605934560473667,10.1957712600869,0.0825477983515523,0.00652365945662035,50,f9a0423a1d3b0d2395df93743563d971
55517_CT03,5,2,0.605934560473667,10.1957712600869,0.0825477983515523,0.00652365945662035,50,f9a0423a1d3b0d2395df93743563d971
55517_CT03,5,3,0.605934560473667,10.1957712600869,0.0825477983515523,0.00652365945662035,50,f9a0423a1d3b0d2395df93743563d971
55517_CT03,5,4,0.605934560473667,10.1957712600869,0.0825477983515523,0.00652365945662035,50,f9a0423a1d3b0d2395df93743563d971
55517_CT04,1,1,0.586317454376422,9.86597142149968,0.0792213324246039,0.0063368930690798,50,f9a0423a1d3b0d2395df93743563d971
55517_CT04,1,2,0.586317454376422,9.86597142149968,0.0792213324246039,0.0063368930690798,50,f9a0423a1d3b0d2395df93743563d971
55517_CT04,1,3,0.586317454376422,9.86597142149968,0.0792213324246039,0.0063368930690798,50,f9a0423a1d3b0d2395df93743563d971
55517_CT04,1,4,0.586317454376422,9.86597142149968,0.0792213324246039,0.0063368930690798,50,f9a0423a1d3b0d2395df93743563d971
55517_CT04,2,1,0.586317454376422,9.86597142149968,0.0792213324246039,0.0063368930690798,50,f9a0423a1d3b0d2395df93743563d971
55517_CT04,2,2,0.586317454376422,9.86597142149968,0.0792213324246039,0.0063368930690798,50,f9a0423a1d3b0d2395df93743563d971
55517_CT04,2,3,0.586317454376422,9.86597142149968,0.0792213324246039,0.0063368930690798,50,f9a0423a1d3b0d2395df93743563d971
55517_CT04,2,4,0.586317454376422,9.86597142149968,0.0792213324246039,0.0063368930690798,50,f9a0423a1d3b0d2395df93743563d971
55517_CT04,3,1,0.632760223048327,10.6457713754647,0.102695167286245,0.00571561338289963,50,f9a0423a1d3b0d2395df93743563d971
55517_CT04,3,2,0.632760223048327,10.6457713754647,0.102695167286245,0.00571561338289963,50,f9a0423a1d3b0d2395df93743563d971
55517_CT04,3,3,0.632760223048327,10.6457713754647,0.102695167286245,0.00571561338289963,50,f9a0423a1d3b0d2395df93743563d971
55517_CT04,3,4,0.632760223048327,10.6457713754647,0.102695167286245,0.00571561338289963,50,f9a0423a1d3b0d2395df93743563d971
55517_CT04,4,1,0.586066377882533,9.86179003694738,0.0784373916282415,0.00636705312778698,50,f9a0423a1d3b0d2395df93743563d971
55517_CT04,4,2,0.586138862586717,9.86296063692052,0.073725784301312,0.00639722506715106,50,f9a0423a1d3b0d2395df93743563d971
55517_CT04,4,3,0.586066377882533,9.86179003694738,0.0784373916282415,0.00636705312778698,50,f9a0423a1d3b0d2395df93743563d971
55517_CT04,4,4,0.586066377882533,9.86179003694738,0.0784373916282415,0.00636705312778698,50,f9a0423a1d3b0d2395df93743563d971
55517_CT04,5,1,0.586317454376422,9.86597142149968,0.0792213324246039,0.0063368930690798,50,f9a0423a1d3b0d2395df93743563d971
55517_CT04,5,2,0.586317454376422,9.86597142149968,0.0792213324246039,0.0063368930690798,50,f9a0423a1d3b0d2395df93743563d971
55517_CT04,5,3,0.586317454376422,9.86597142149968,0.0792213324246039,0.0063368930690798,50,f9a0423a1d3b0d2395df93743563d971
55517_CT04,5,4,0.586317454376422,9.86597142149968,0.0792213324246039,0.0063368930690798,50,f9a0423a1d3b0d2395df93743563d971
55517_CT05,1,1,0.582122611058973,9.79554353663631,0.0809957223166141,0.00609854669928773,50,f9a0423a1d3b0d2395df93743563d971
55517_CT05,1,2,0.582122611058973,9.79554353663631,0.0809957223166141,0.00609854669928773,50,f9a0423a1d3b0d2395df93743563d971
55517_CT05,1,3,0.582122611058973,9.79554353663631,0.0809957223166141,0.00609854669928773,50,f9a0423a1d3b0d2395df93743563d971
55517_CT05,1,4,0.582122611058973,9.79554353663631,0.0809957223166141,0.00609854669928773,50,f9a0423a1d3b0d2395df93743563d971
55517_CT05,2,1,0.582122611058973,9.79554353663631,0.0809957223166141,0.00609854669928773,50,f9a0423a1d3b0d2395df93743563d971
55517_CT05,2,2,0.582122611058973,9.79554353663631,0.0809957223166141,0.00609854669928773,50,f9a0423a1d3b0d2395df93743563d971
55517_CT05,2,3,0.582122611058973,9.79554353663631,0.0809957223166141,0.00609854669928773,50,f9a0423a1d3b0d2395df93743563d971
55517_CT05,2,4,0.582122611058973,9.79554353663631,0.0809957223166141,0.00609854669928773,50,f9a0423a1d3b0d2395df93743563d971
55517_CT05,3,1,0.617527993109388,10.3925782371519,0.0984413335257613,0.00609854669928773,50,f9a0423a1d3b0d2395df93743563d971
55517_CT05,3,2,0.618859170305677,10.4161299126638,0.0797077474496829,0.00609854669928773,50,f9a0423a1d3b0d2395df93743563d971
55517_CT05,3,3,0.617527993109388,10.3925782371519,0.0984413335257613,0.00609854669928773,50,f9a0423a1d3b0d2395df93743563d971
55517_CT05,3,4,0.617527993109388,10.3925782371519,0.0984413335257613,0.00609854669928773,50,f9a0423a1d3b0d2395df93743563d971
55517_CT05,4,1,0.581476887740454,9.78460522538042,0.0801424018601315,0.00609854669928773,50,f9a0423a1d3b0d2395df93743563d971
55517_CT05,4,2,0.581861268951792,9.79101922892281,0.0739395483253252,0.00609854669928773,50,f9a0423a1d3b0d2395df93743563d971
55517_CT05,4,3,0.581476887740454,9.78460522538042,0.0801424018601315,0.00609854669928773,50,f9a0423a1d3b0d2395df93743563d971
55517_CT05,4,4,0.581476887740454,9.78460522538042,0.0801424018601315,0.00609854669928773,50,f9a0423a1d3b0d2395df93743563d971
55517_CT05,5,1,0.582122611058973,9.79554353663631,0.0809957223166141,0.00609854669928773,50,f9a0423a1d3b0d2395df93743563d971
55517_CT05,5,2,0.582122611058973,9.79554353663631,0.0809957223166141,0.00609854669928773,50,f9a0423a1d3b0d2395df93743563d971
55517_CT05,5,3,0.582122611058973,9.79554353663631,0.0809957223166141,0.00609854669928773,50,f9a0423a1d3b0d2395df93743563d971
55517_CT05,5,4,0.582122611058973,9.79554353663631,0.0809957223166141,0.00609854669928773,50,f9a0423a1d3b0d2395df93743563d971
55517_CT06,1,1,0.581342443461106,9.7818273014033,0.0739455774635171,0.00612258546317866,50,f9a0423a1d3b0d2395df93743563d971
55517_CT06,1,2,0.581342443461106,9.7818273014033,0.0739455774635171,0.00612258546317866,50,f9a0423a1d3b0d2395df93743563d971
55517_CT06,1,3,0.581342443461106,9.7818273014033,0.0739455774635171,0.00612258546317866,50,f9a0423a1d3b0d2395df93743563d971
55517_CT06,1,4,0.581342443461106,9.7818273014033,0.0739455774635171,0.00612258546317866,50,f9a0423a1d3b0d2395df93743563d971
55517_CT06,2,1,0.581342443461106,9.7818273014033,0.0739455774635171,0.00612258546317866,50,f9a0423a1d3b0d2395df93743563d971
55517_CT06,2,2,0.581342443461106,9.7818273014033,0.0739455774635171,0.00612258546317866,50,f9a0423a1d3b0d2395df93743563d971
55517_CT06,2,3,0.581342443461106,9.7818273014033,0.0739455774635171,0.00612258546317866,50,f9a0423a1d3b0d2395df93743563d971
55517_CT06,2,4,0.581342443461106,9.7818273014033,0.0739455774635171,0.00612258546317866,50,f9a0423a1d3b0d2395df93743563d971
55517_CT06,3,1,0.581342443461106,9.7818273014033,0.0999452054794521,0.00553424657534247,50,f9a0423a1d3b0d2395df93743563d971
55517_CT06,3,2,0.581342443461106,9.7818273014033,0.0999452054794521,0.00553424657534247,50,f9a0423a1d3b0d2395df93743563d971
55517_CT06,3,3,0.581342443461106,9.7818273014033,0.0999452054794521,0.00553424657534247,50,f9a0423a1d3b0d2395df93743563d971
55517_CT06,3,4,0.581342443461106,9.7818273014033,0.0999452054794521,0.00553424657534247,50,f9a0423a1d3b0d2395df93743563d971
55517_CT06,4,1,0.581342443461106,9.7818273014033,0.0727862667868837,0.00614827998032925,50,f9a0423a1d3b0d2395df93743563d971
55517_CT06,4,2,0.581342443461106,9.7818273014033,0.0682207014542344,0.00617922704424518,50,f9a0423a1d3b0d2395df93743563d971
55517_CT06,4,3,0.581342443461106,9.7818273014033,0.0727862667868837,0.00614827998032925,50,f9a0423a1d3b0d2395df93743563d971
55517_CT06,4,4,0.581342443461106,9.7818273014033,0.0727862667868837,0.00614827998032925,50,f9a0423a1d3b0d2395df93743563d971
55517_CT06,5,1,0.581342443461106,9.7818273014033,0.0739455774635171,0.00612258546317866,50,f9a0423a1d3b0d2395df93743563d971
55517_CT06,5,2,0.581342443461106,9.7818273014033,0.0739455774635171,0.00612258546317866,50,f9a0423a1d3b0d2395df93743563d971
55517_CT06,5,3,0.581342443461106,9.7818273014033,0.0739455774635171,0.00612258546317866,50,f9a0423a1d3b0d2395df93743563d971
55517_CT06,5,4,0.581342443461106,9.7818273014033,0.0739455774635171,0.00612258546317866,50,f9a0423a1d3b0d2395df93743563d971
55517_CT07,1,1,0.581990949192055,9.79280506479556,0.0748055771259026,0.00600758805110507,50,f9a0423a1d3b0d2395df93743563d971
55517_CT07,1,2,0.581990949192055,9.79280506479556,0.0748055771259026,0.00600758805110507,50,f9a0423a1d3b0d2395df93743563d971
55517_CT07,1,3,0.581990949192055,9.79280506479556,0.0748055771259026,0.00600758805110507,50,f9a0423a1d3b0d2395df93743563d971
55517_CT07,1,4,0.581990949192055,9.79280506479556,0.0748055771259026,0.00600758805110507,50,f9a0423a1d3b0d2395df93743563d971
55517_CT07,2,1,0.581990949192055,9.79280506479556,0.0748055771259026,0.00600758805110507,50,f9a0423a1d3b0d2395df93743563d971
55517_CT07,2,2,0.581990949192055,9.79280506479556,0.0748055771259026,0.00600758805110507,50,f9a0423a1d3b0d2395df93743563d971
55517_CT07,2,3,0.581990949192055,9.79280506479556,0.0748055771259026,0.00600758805110507,50,f9a0423a1d3b0d2395df93743563d971
55517_CT07,2,4,0.581990949192055,9.79280506479556,0.0748055771259026,0.00600758805110507,50,f9a0423a1d3b0d2395df93743563d971
55517_CT07,3,1,0.581990949192055,9.79280506479556,0.0748055771259026,0.00600758805110507,50,f9a0423a1d3b0d2395df93743563d971
55517_CT07,3,2,0.581990949192055,9.79280506479556,0.0748055771259026,0.00600758805110507,50,f9a0423a1d3b0d2395df93743563d971
55517_CT07,3,3,0.581990949192055,9.79280506479556,0.0748055771259026,0.00600758805110507,50,f9a0423a1d3b0d2395df93743563d971
55517_CT07,3,4,0.581990949192055,9.79280506479556,0.0748055771259026,0.00600758805110507,50,f9a0423a1d3b0d2395df93743563d971
55517_CT07,4,1,0.581990949192055,9.79280506479556,0.0729237728911145,0.00600758805110507,50,f9a0423a1d3b0d2395df93743563d971
55517_CT07,4,2,0.581990949192055,9.79280506479556,0.0688739397484645,0.00600758805110507,50,f9a0423a1d3b0d2395df93743563d971
55517_CT07,4,3,0.581990949192055,9.79280506479556,0.0729237728911145,0.00600758805110507,50,f9a0423a1d3b0d2395df93743563d971
55517_CT07,4,4,0.581990949192055,9.79280506479556,0.0729237728911145,0.00600758805110507,50,f9a0423a1d3b0d2395df93743563d971
55517_CT07,5,1,0.581990949192055,9.79280506479556,0.0748055771259026,0.00600758805110507,50,f9a0423a1d3b0d2395df93743563d971
55517_CT07,5,2,0.581990949192055,9.79280506479556,0.0748055771259026,0.00600758805110507,50,f9a0423a1d3b0d2395df93743563d971
55517_CT07,5,3,0.581990949192055,9.79280506479556,0.0748055771259026,0.00600758805110507,50,f9a0423a1d3b0d2395df93743563d971
55517_CT07,5,4,0.581990949192055,9.79280506479556,0.0748055771259026,0.00600758805110507,50,f9a0423a1d3b0d2395df93743563d971
55661_1,1,1,0.829993883257602,13.8322155714785,1.85324272112598,0.0110187871373646,419.9,f9a0423a1d3b0d2395df93743563d971
55661_1,1,2,0.829993883257602,13.8322155714785,1.85324272112598,0.0110187871373646,419.9,f9a0423a1d3b0d2395df93743563d971
55661_1,1,3,0.829993883257602,13.8322155714785,1.85324272112598,0.0110187871373646,419.9,f9a0423a1d3b0d2395df93743563d971
55661_1,1,4,0.829993883257602,13.8322155714785,1.85324272112598,0.0110187871373646,419.9,f9a0423a1d3b0d2395df93743563d971
55661_1,2,1,0.463565721134638,7.46242608869357,0.0825587047594183,0.0101758827867594,419.9,f9a0423a1d3b0d2395df93743563d971
55661_1,2,2,0.47985644240004,7.72519732717001,0.0825587047594183,0.0101758827867594,419.9,f9a0423a1d3b0d2395df93743563d971
55661_1,2,3,0.483416491596639,7.95304979946524,0.0825587047594183,0.0101758827867594,419.9,f9a0423a1d3b0d2395df93743563d971
55661_1,2,4,0.479175906279077,7.74203925062863,0.0825587047594183,0.0101758827867594,419.9,f9a0423a1d3b0d2395df93743563d971
55661_1,3,1,0.431972184781277,7.1566525752563,0.0567087768140829,0.0065824165221347,419.9,f9a0423a1d3b0d2395df93743563d971
55661_1,3,2,0.435239780025382,7.12878203284236,0.0567087768140829,0.0065824165221347,419.9,f9a0423a1d3b0d2395df93743563d971
55661_1,3,3,0.435278588039197,7.15685212318363,0.0567087768140829,0.0065824165221347,419.9,f9a0423a1d3b0d2395df93743563d971
55661_1,3,4,0.435121596943919,7.13374253251478,0.0567087768140829,0.0065824165221347,419.9,f9a0423a1d3b0d2395df93743563d971
55661_1,4,1,0.448925562039841,7.33619441038142,0.0784133521588496,0.00745447174410874,419.9,f9a0423a1d3b0d2395df93743563d971
55661_1,4,2,0.448925562039841,7.33619441038142,0.0784133521588496,0.00745447174410874,419.9,f9a0423a1d3b0d2395df93743563d971
55661_1,4,3,0.448925562039841,7.33619441038142,0.0784133521588496,0.00745447174410874,419.9,f9a0423a1d3b0d2395df93743563d971
55661_1,4,4,0.448925562039841,7.33619441038142,0.0784133521588496,0.00745447174410874,419.9,f9a0423a1d3b0d2395df93743563d971
55661_1,5,1,0.448925562039841,7.33619441038142,0.0784133521588496,0.00745447174410874,419.9,f9a0423a1d3b0d2395df93743563d971
55661_1,5,2,0.448925562039841,7.33619441038142,0.0784133521588496,0.00745447174410874,419.9,f9a0423a1d3b0d2395df93743563d971
55661_1,5,3,0.448925562039841,7.33619441038142,0.0784133521588496,0.00745447174410874,419.9,f9a0423a1d3b0d2395df93743563d971
55661_1,5,4,0.448925562039841,7.33619441038142,0.0784133521588496,0.00745447174410874,419.9,f9a0423a1d3b0d2395df93743563d971
55661_2,1,1,0.86676332202648,14.450162308057,1.75561182908371,0.010986832986833,419.9,f9a0423a1d3b0d2395df93743563d971
55661_2,1,2,0.86676332202648,14.450162308057,1.75561182908371,0.010986832986833,419.9,f9a0423a1d3b0d2395df93743563d971
55661_2,1,3,0.86676332202648,14.450162308057,1.75561182908371,0.010986832986833,419.9,f9a0423a1d3b0d2395df93743563d971
55661_2,1,4,0.86676332202648,14.450162308057,1.75561182908371,0.010986832986833,419.9,f9a0423a1d3b0d2395df93743563d971
55661_2,2,1,0.459642684418651,7.46826263833177,0.0961118619696006,0.00939937879953601,419.9,f9a0423a1d3b0d2395df93743563d971
55661_2,2,2,0.49184598463913,7.97852343410631,0.0961118619696006,0.00939937879953601,419.9,f9a0423a1d3b0d2395df93743563d971
55661_2,2,3,0.491116885907483,8.11204850828952,0.0961118619696006,0.00939937879953601,419.9,f9a0423a1d3b0d2395df93743563d971
55661_2,2,4,0.491917513363316,8.01066653600468,0.0961118619696006,0.00939937879953601,419.9,f9a0423a1d3b0d2395df93743563d971
55661_2,3,1,0.422058714508118,7.0093508290706,0.054903186749968,0.0061806149053412,419.9,f9a0423a1d3b0d2395df93743563d971
55661_2,3,2,0.429244613820741,7.0408147633309,0.054903186749968,0.0061806149053412,419.9,f9a0423a1d3b0d2395df93743563d971
55661_2,3,3,0.428896129082306,7.06543736909472,0.054903186749968,0.0061806149053412,419.9,f9a0423a1d3b0d2395df93743563d971
55661_2,3,4,0.429072114874635,7.0431230145659,0.054903186749968,0.0061806149053412,419.9,f9a0423a1d3b0d2395df93743563d971
55661_2,4,1,0.451460770127456,7.39525454500451,0.0840256002757631,0.00713593996229079,419.9,f9a0423a1d3b0d2395df93743563d971
55661_2,4,2,0.451460770127456,7.39525454500451,0.0840256002757631,0.00713593996229079,419.9,f9a0423a1d3b0d2395df93743563d971
55661_2,4,3,0.451460770127456,7.39525454500451,0.0840256002757631,0.00713593996229079,419.9,f9a0423a1d3b0d2395df93743563d971
55661_2,4,4,0.451460770127456,7.39525454500451,0.0840256002757631,0.00713593996229079,419.9,f9a0423a1d3b0d2395df93743563d971
55661_2,5,1,0.451460770127456,7.39525454500451,0.0840256002757631,0.00713593996229079,419.9,f9a0423a1d3b0d2395df93743563d971
55661_2,5,2,0.451460770127456,7.39525454500451,0.0840256002757631,0.00713593996229079,419.9,f9a0423a1d3b0d2395df93743563d971
55661_2,5,3,0.451460770127456,7.39525454500451,0.0840256002757631,0.00713593996229079,419.9,f9a0423a1d3b0d2395df93743563d971
55661_2,5,4,0.451460770127456,7.39525454500451,0.0840256002757631,0.00713593996229079,419.9,f9a0423a1d3b0d2395df93743563d971
56047_1,1,1,0.613209025383892,10.1585318082106,0.160421240953078,0.00620589157004074,565.5,f9a0423a1d3b0d2395df93743563d971
56047_1,1,2,0.613209025383892,10.1585318082106,0.160421240953078,0.00620589157004074,565.5,f9a0423a1d3b0d2395df93743563d971
56047_1,1,3,0.613209025383892,10.1585318082106,0.160421240953078,0.00620589157004074,565.5,f9a0423a1d3b0d2395df93743563d971
56047_1,1,4,0.613209025383892,10.1585318082106,0.160421240953078,0.00620589157004074,565.5,f9a0423a1d3b0d2395df93743563d971
56047_1,2,1,0.415251116955544,7.04111853987769,0.0395507547681461,0.00422789061757343,565.5,f9a0423a1d3b0d2395df93743563d971
56047_1,2,2,0.425942502673347,7.21711152389986,0.0409735837271595,0.0043377626382981,565.5,f9a0423a1d3b0d2395df93743563d971
56047_1,2,3,0.413587777556081,6.96828663455235,0.044082520565312,0.00420588319128923,565.5,f9a0423a1d3b0d2395df93743563d971
56047_1,2,4,0.423425795564777,7.17346714000862,0.0416713050831613,0.00431122093258245,565.5,f9a0423a1d3b0d2395df93743563d971
56047_1,3,1,0.387423986564423,6.57744834777473,0.0380667115328107,0.00394665448606151,565.5,f9a0423a1d3b0d2395df93743563d971
56047_1,3,2,0.38052669988894,6.46918838795757,0.0368618634282098,0.00388317766886826,565.5,f9a0423a1d3b0d2395df93743563d971
56047_1,3,3,0.384773102552111,6.52059168822173,0.037742175128541,0.00391662587453112,565.5,f9a0423a1d3b0d2395df93743563d971
56047_1,3,4,0.380899316220602,6.47412848848207,0.0369342671660719,0.00388629909591005,565.5,f9a0423a1d3b0d2395df93743563d971
56047_1,4,1,0.379173573665123,6.43816283367948,0.0372862577821288,0.00386301596072379,565.5,f9a0423a1d3b0d2395df93743563d971
56047_1,4,2,0.379161341219403,6.43746463168472,0.0372732872804475,0.00386259684968576,565.5,f9a0423a1d3b0d2395df93743563d971
56047_1,4,3,0.379173573665123,6.43816283367948,0.0372862577821288,0.00386301596072379,565.5,f9a0423a1d3b0d2395df93743563d971
56047_1,4,4,0.379173573665123,6.43816283367948,0.0372862577821288,0.00386301596072379,565.5,f9a0423a1d3b0d2395df93743563d971
56047_1,5,1,0.384457316285363,6.53227968758362,0.0374305359147673,0.0039216562225145,565.5,f9a0423a1d3b0d2395df93743563d971
56047_1,5,2,0.384457316285363,6.53227968758362,0.0374305359147673,0.0039216562225145,565.5,f9a0423a1d3b0d2395df93743563d971
56047_1,5,3,0.384457316285363,6.53227968758362,0.0374305359147673,0.0039216562225145,565.5,f9a0423a1d3b0d2395df93743563d971
56047_1,5,4,0.384457316285363,6.53227968758362,0.0374305359147673,0.0039216562225145,565.5,f9a0423a1d3b0d2395df93743563d971
56047_2,1,1,0.38598040979041,6.56056628977418,0.0365233367449754,0.00393903891950843,565.5,f9a0423a1d3b0d2395df93743563d971
56047_2,1,2,0.38598040979041,6.56056628977418,0.0365233367449754,0.00393903891950843,565.5,f9a0423a1d3b0d2395df93743563d971
56047_2,1,3,0.38598040979041,6.56056628977418,0.0365233367449754,0.00393903891950843,565.5,f9a0423a1d3b0d2395df93743563d971
56047_2,1,4,0.38598040979041,6.56056628977418,0.0365233367449754,0.00393903891950843,565.5,f9a0423a1d3b0d2395df93743563d971
56047_2,2,1,0.417280981118947,7.0764013595429,0.0400702477245479,0.00424861837791546,565.5,f9a0423a1d3b0d2395df93743563d971
56047_2,2,2,0.428185871427727,7.25729336950742,0.0416134087788932,0.00435782305556103,565.5,f9a0423a1d3b0d2395df93743563d971
56047_2,2,3,0.416190781139063,7.0325750720441,0.0410258959898859,0.00423585916943938,565.5,f9a0423a1d3b0d2395df93743563d971
56047_2,2,4,0.4257282235693,7.21476453303195,0.0420120651381053,0.00433347580396589,565.5,f9a0423a1d3b0d2395df93743563d971
56047_2,3,1,0.390821114771476,6.62646108717405,0.0379365249333079,0.00397602131032939,565.5,f9a0423a1d3b0d2395df93743563d971
56047_2,3,2,0.381495050976689,6.48889809034154,0.035770533248907,0.00389564888166063,565.5,f9a0423a1d3b0d2395df93743563d971
56047_2,3,3,0.386683292622517,6.55044853070962,0.0369960504939753,0.00393523136839588,565.5,f9a0423a1d3b0d2395df93743563d971
56047_2,3,4,0.381962356783548,6.49495168647864,0.0358799769261967,0.0038993900662859,565.5,f9a0423a1d3b0d2395df93743563d971
56047_2,4,1,0.382729324980181,6.49713754664811,0.035499571475876,0.00389840623005975,565.5,f9a0423a1d3b0d2395df93743563d971
56047_2,4,2,0.382698920099451,6.49639856819344,0.0355168203636438,0.00389796992803182,565.5,f9a0423a1d3b0d2395df93743563d971
56047_2,4,3,0.382729324980181,6.49713754664811,0.035499571475876,0.00389840623005975,565.5,f9a0423a1d3b0d2395df93743563d971
56047_2,4,4,0.382729324980181,6.49713754664811,0.035499571475876,0.00389840623005975,565.5,f9a0423a1d3b0d2395df93743563d971
56047_2,5,1,0.38598040979041,6.56056628977418,0.0365233367449754,0.00393903891950843,565.5,f9a0423a1d3b0d2395df93743563d971
56047_2,5,2,0.38598040979041,6.56056628977418,0.0365233367449754,0.00393903891950843,565.5,f9a0423a1d3b0d2395df93743563d971
56047_2,5,3,0.38598040979041,6.56056628977418,0.0365233367449754,0.00393903891950843,565.5,f9a0423a1d3b0d2395df93743563d971
56047_2,5,4,0.38598040979041,6.56056628977418,0.0365233367449754,0.00393903891950843,565.5,f9a0423a1d3b0d2395df93743563d971
56189_4,1,1,0.782811421737463,13.1722979241646,0.0982597055450186,0.00790484980629319,23.2,f9a0423a1d3b0d2395df93743563d971
56189_4,1,2,0.782811421737463,13.1722979241646,0.0982597055450186,0.00790484980629319,23.2,f9a0423a1d3b0d2395df93743563d971
56189_4,1,3,0.782811421737463,13.1722979241646,0.0982597055450186,0.00790484980629319,23.2,f9a0423a1d3b0d2395df93743563d971
56189_4,1,4,0.782811421737463,13.1722979241646,0.0982597055450186,0.00790484980629319,23.2,f9a0423a1d3b0d2395df93743563d971
56189_4,2,1,0.782811421737463,13.1722979241646,0.0982597055450186,0.00790484980629319,23.2,f9a0423a1d3b0d2395df93743563d971
56189_4,2,2,0.782811421737463,13.1722979241646,0.0982597055450186,0.00790484980629319,23.2,f9a0423a1d3b0d2395df93743563d971
56189_4,2,3,0.782811421737463,13.1722979241646,0.0982597055450186,0.00790484980629319,23.2,f9a0423a1d3b0d2395df93743563d971
56189_4,2,4,0.782811421737463,13.1722979241646,0.0982597055450186,0.00790484980629319,23.2,f9a0423a1d3b0d2395df93743563d971
56189_4,3,1,0.782811421737463,13.1722979241646,0.0982597055450186,0.00790484980629319,23.2,f9a0423a1d3b0d2395df93743563d971
56189_4,3,2,0.782811421737463,13.1722979241646,0.0982597055450186,0.00790484980629319,23.2,f9a0423a1d3b0d2395df93743563d971
56189_4,3,3,0.782811421737463,13.1722979241646,0.0982597055450186,0.00790484980629319,23.2,f9a0423a1d3b0d2395df93743563d971
56189_4,3,4,0.782811421737463,13.1722979241646,0.0982597055450186,0.00790484980629319,23.2,f9a0423a1d3b0d2395df93743563d971
56189_4,4,1,0.782811421737463,13.1722979241646,0.0982597055450186,0.00790484980629319,23.2,f9a0423a1d3b0d2395df93743563d971
56189_4,4,2,0.782811421737463,13.1722979241646,0.0982597055450186,0.00790484980629319,23.2,f9a0423a1d3b0d2395df93743563d971
56189_4,4,3,0.782811421737463,13.1722979241646,0.0982597055450186,0.00790484980629319,23.2,f9a0423a1d3b0d2395df93743563d971
56189_4,4,4,0.782811421737463,13.1722979241646,0.0982597055450186,0.00790484980629319,23.2,f9a0423a1d3b0d2395df93743563d971
56189_4,5,1,0.782811421737463,13.1722979241646,0.0982597055450186,0.00790484980629319,23.2,f9a0423a1d3b0d2395df93743563d971
56189_4,5,2,0.782811421737463,13.1722979241646,0.0982597055450186,0.00790484980629319,23.2,f9a0423a1d3b0d2395df93743563d971
56189_4,5,3,0.782811421737463,13.1722979241646,0.0982597055450186,0.00790484980629319,23.2,f9a0423a1d3b0d2395df93743563d971
56189_4,5,4,0.782811421737463,13.1722979241646,0.0982597055450186,0.00790484980629319,23.2,f9a0423a1d3b0d2395df93743563d971
56189_5,1,1,0.782811421737463,13.1722979241646,0.0982597055450186,0.00790484980629319,23.2,f9a0423a1d3b0d2395df93743563d971
56189_5,1,2,0.782811421737463,13.1722979241646,0.0982597055450186,0.00790484980629319,23.2,f9a0423a1d3b0d2395df93743563d971
56189_5,1,3,0.782811421737463,13.1722979241646,0.0982597055450186,0.00790484980629319,23.2,f9a0423a1d3b0d2395df93743563d971
56189_5,1,4,0.782811421737463,13.1722979241646,0.0982597055450186,0.00790484980629319,23.2,f9a0423a1d3b0d2395df93743563d971
56189_5,2,1,0.782811421737463,13.1722979241646,0.0982597055450186,0.00790484980629319,23.2,f9a0423a1d3b0d2395df93743563d971
56189_5,2,2,0.782811421737463,13.1722979241646,0.0982597055450186,0.00790484980629319,23.2,f9a0423a1d3b0d2395df93743563d971
56189_5,2,3,0.782811421737463,13.1722979241646,0.0982597055450186,0.00790484980629319,23.2,f9a0423a1d3b0d2395df93743563d971
56189_5,2,4,0.782811421737463,13.1722979241646,0.0982597055450186,0.00790484980629319,23.2,f9a0423a1d3b0d2395df93743563d971
56189_5,3,1,0.782811421737463,13.1722979241646,0.0982597055450186,0.00790484980629319,23.2,f9a0423a1d3b0d2395df93743563d971
56189_5,3,2,0.782811421737463,13.1722979241646,0.0982597055450186,0.00790484980629319,23.2,f9a0423a1d3b0d2395df93743563d971
56189_5,3,3,0.782811421737463,13.1722979241646,0.0982597055450186,0.00790484980629319,23.2,f9a0423a1d3b0d2395df93743563d971
56189_5,3,4,0.782811421737463,13.1722979241646,0.0982597055450186,0.00790484980629319,23.2,f9a0423a1d3b0d2395df93743563d971
56189_5,4,1,0.782811421737463,13.1722979241646,0.0982597055450186,0.00790484980629319,23.2,f9a0423a1d3b0d2395df93743563d971
56189_5,4,2,0.782811421737463,13.1722979241646,0.0982597055450186,0.00790484980629319,23.2,f9a0423a1d3b0d2395df93743563d971
56189_5,4,3,0.782811421737463,13.1722979241646,0.0982597055450186,0.00790484980629319,23.2,f9a0423a1d3b0d2395df93743563d971
56189_5,4,4,0.782811421737463,13.1722979241646,0.0982597055450186,0.00790484980629319,23.2,f9a0423a1d3b0d2395df93743563d971
56189_5,5,1,0.782811421737463,13.1722979241646,0.0982597055450186,0.00790484980629319,23.2,f9a0423a1d3b0d2395df93743563d971
56189_5,5,2,0.782811421737463,13.1722979241646,0.0982597055450186,0.00790484980629319,23.2,f9a0423a1d3b0d2395df93743563d971
56189_5,5,3,0.782811421737463,13.1722979241646,0.0982597055450186,0.00790484980629319,23.2,f9a0423a1d3b0d2395df93743563d971
56189_5,5,4,0.782811421737463,13.1722979241646,0.0982597055450186,0.00790484980629319,23.2,f9a0423a1d3b0d2395df93743563d971
56189_7,1,1,0.782811421737463,13.1722979241646,0.0982597055450186,0.00790484980629319,23.2,f9a0423a1d3b0d2395df93743563d971
56189_7,1,2,0.782811421737463,13.1722979241646,0.0982597055450186,0.00790484980629319,23.2,f9a0423a1d3b0d2395df93743563d971
56189_7,1,3,0.782811421737463,13.1722979241646,0.0982597055450186,0.00790484980629319,23.2,f9a0423a1d3b0d2395df93743563d971
56189_7,1,4,0.782811421737463,13.1722979241646,0.0982597055450186,0.00790484980629319,23.2,f9a0423a1d3b0d2395df93743563d971
56189_7,2,1,0.782811421737463,13.1722979241646,0.0982597055450186,0.00790484980629319,23.2,f9a0423a1d3b0d2395df93743563d971
56189_7,2,2,0.782811421737463,13.1722979241646,0.0982597055450186,0.00790484980629319,23.2,f9a0423a1d3b0d2395df93743563d971
56189_7,2,3,0.782811421737463,13.1722979241646,0.0982597055450186,0.00790484980629319,23.2,f9a0423a1d3b0d2395df93743563d971
56189_7,2,4,0.782811421737463,13.1722979241646,0.0982597055450186,0.00790484980629319,23.2,f9a0423a1d3b0d2395df93743563d971
56189_7,3,1,0.782811421737463,13.1722979241646,0.0982597055450186,0.00790484980629319,23.2,f9a0423a1d3b0d2395df93743563d971
56189_7,3,2,0.782811421737463,13.1722979241646,0.0982597055450186,0.00790484980629319,23.2,f9a0423a1d3b0d2395df93743563d971
56189_7,3,3,0.782811421737463,13.1722979241646,0.0982597055450186,0.00790484980629319,23.2,f9a0423a1d3b0d2395df93743563d971
56189_7,3,4,0.782811421737463,13.1722979241646,0.0982597055450186,0.00790484980629319,23.2,f9a0423a1d3b0d2395df93743563d971
56189_7,4,1,0.782811421737463,13.1722979241646,0.0982597055450186,0.00790484980629319,23.2,f9a0423a1d3b0d2395df93743563d971
56189_7,4,2,0.782811421737463,13.1722979241646,0.0982597055450186,0.00790484980629319,23.2,f9a0423a1d3b0d2395df93743563d971
56189_7,4,3,0.782811421737463,13.1722979241646,0.0982597055450186,0.00790484980629319,23.2,f9a0423a1d3b0d2395df93743563d971
56189_7,4,4,0.782811421737463,13.1722979241646,0.0982597055450186,0.00790484980629319,23.2,f9a0423a1d3b0d2395df93743563d971
56189_7,5,1,0.782811421737463,13.1722979241646,0.0982597055450186,0.00790484980629319,23.2,f9a0423a1d3b0d2395df93743563d971
56189_7,5,2,0.782811421737463,13.1722979241646,0.0982597055450186,0.00790484980629319,23.2,f9a0423a1d3b0d2395df93743563d971
56189_7,5,3,0.782811421737463,13.1722979241646,0.0982597055450186,0.00790484980629319,23.2,f9a0423a1d3b0d2395df93743563d971
56189_7,5,4,0.782811421737463,13.1722979241646,0.0982597055450186,0.00790484980629319,23.2,f9a0423a1d3b0d2395df93743563d971
562_12,1,1,0.733710001629815,9.37567229858206,0.108962954622227,0.0102445808659749,60.5,f9a0423a1d3b0d2395df93743563d971
562_12,1,2,0.733710001629815,9.37567229858206,0.108962954622227,0.0102445808659749,60.5,f9a0423a1d3b0d2395df93743563d971
562_12,1,3,0.733710001629815,9.37567229858206,0.108962954622227,0.0102445808659749,60.5,f9a0423a1d3b0d2395df93743563d971
562_12,1,4,0.733710001629815,9.37567229858206,0.108962954622227,0.0102445808659749,60.5,f9a0423a1d3b0d2395df93743563d971
562_12,2,1,0.733710001629815,9.37567229858206,0.108962954622227,0.0102445808659749,60.5,f9a0423a1d3b0d2395df93743563d971
562_12,2,2,0.733710001629815,9.37567229858206,0.108962954622227,0.0102445808659749,60.5,f9a0423a1d3b0d2395df93743563d971
562_12,2,3,0.733710001629815,9.37567229858206,0.108962954622227,0.0102445808659749,60.5,f9a0423a1d3b0d2395df93743563d971
562_12,2,4,0.733710001629815,9.37567229858206,0.108962954622227,0.0102445808659749,60.5,f9a0423a1d3b0d2395df93743563d971
562_12,3,1,0.733710001629815,9.37567229858206,0.108962954622227,0.0102445808659749,60.5,f9a0423a1d3b0d2395df93743563d971
562_12,3,2,0.733710001629815,9.37567229858206,0.108962954622227,0.0102445808659749,60.5,f9a0423a1d3b0d2395df93743563d971
562_12,3,3,0.733710001629815,9.37567229858206,0.108962954622227,0.0102445808659749,60.5,f9a0423a1d3b0d2395df93743563d971
562_12,3,4,0.733710001629815,9.37567229858206,0.108962954622227,0.0102445808659749,60.5,f9a0423a1d3b0d2395df93743563d971
562_12,4,1,0.733710001629815,9.37567229858206,0.108962954622227,0.0102445808659749,60.5,f9a0423a1d3b0d2395df93743563d971
562_12,4,2,0.733710001629815,9.37567229858206,0.108962954622227,0.0102445808659749,60.5,f9a0423a1d3b0d2395df93743563d971
562_12,4,3,0.733710001629815,9.37567229858206,0.108962954622227,0.0102445808659749,60.5,f9a0423a1d3b0d2395df93743563d971
562_12,4,4,0.733710001629815,9.37567229858206,0.108962954622227,0.0102445808659749,60.5,f9a0423a1d3b0d2395df93743563d971
562_12,5,1,0.733710001629815,9.37567229858206,0.108962954622227,0.0102445808659749,60.5,f9a0423a1d3b0d2395df93743563d971
562_12,5,2,0.733710001629815,9.37567229858206,0.108962954622227,0.0102445808659749,60.5,f9a0423a1d3b0d2395df93743563d971
562_12,5,3,0.733710001629815,9.37567229858206,0.108962954622227,0.0102445808659749,60.5,f9a0423a1d3b0d2395df93743563d971
562_12,5,4,0.733710001629815,9.37567229858206,0.108962954622227,0.0102445808659749,60.5,f9a0423a1d3b0d2395df93743563d971
562_13,1,1,0.724915458244971,9.35847996790279,0.091508875739645,0.0101028257006935,60.5,f9a0423a1d3b0d2395df93743563d971
562_13,1,2,0.724915458244971,9.35847996790279,0.091508875739645,0.0101028257006935,60.5,f9a0423a1d3b0d2395df93743563d971
562_13,1,3,0.724915458244971,9.35847996790279,0.091508875739645,0.0101028257006935,60.5,f9a0423a1d3b0d2395df93743563d971
562_13,1,4,0.724915458244971,9.35847996790279,0.091508875739645,0.0101028257006935,60.5,f9a0423a1d3b0d2395df93743563d971
562_13,2,1,0.724915458244971,9.35847996790279,0.091508875739645,0.0101028257006935,60.5,f9a0423a1d3b0d2395df93743563d971
562_13,2,2,0.724915458244971,9.35847996790279,0.091508875739645,0.0101028257006935,60.5,f9a0423a1d3b0d2395df93743563d971
562_13,2,3,0.724915458244971,9.35847996790279,0.091508875739645,0.0101028257006935,60.5,f9a0423a1d3b0d2395df93743563d971
562_13,2,4,0.724915458244971,9.35847996790279,0.091508875739645,0.0101028257006935,60.5,f9a0423a1d3b0d2395df93743563d971
562_13,3,1,0.724915458244971,9.35847996790279,0.091508875739645,0.0101028257006935,60.5,f9a0423a1d3b0d2395df93743563d971
562_13,3,2,0.724915458244971,9.35847996790279,0.091508875739645,0.0101028257006935,60.5,f9a0423a1d3b0d2395df93743563d971
562_13,3,3,0.724915458244971,9.35847996790279,0.091508875739645,0.0101028257006935,60.5,f9a0423a1d3b0d2395df93743563d971
562_13,3,4,0.724915458244971,9.35847996790279,0.091508875739645,0.0101028257006935,60.5,f9a0423a1d3b0d2395df93743563d971
562_13,4,1,0.724915458244971,9.35847996790279,0.091508875739645,0.0101028257006935,60.5,f9a0423a1d3b0d2395df93743563d971
562_13,4,2,0.724915458244971,9.35847996790279,0.091508875739645,0.0101028257006935,60.5,f9a0423a1d3b0d2395df93743563d971
562_13,4,3,0.724915458244971,9.35847996790279,0.091508875739645,0.0101028257006935,60.5,f9a0423a1d3b0d2395df93743563d971
562_13,4,4,0.724915458244971,9.35847996790279,0.091508875739645,0.0101028257006935,60.5,f9a0423a1d3b0d2395df93743563d971
562_13,5,1,0.724915458244971,9.35847996790279,0.091508875739645,0.0101028257006935,60.5,f9a0423a1d3b0d2395df93743563d971
562_13,5,2,0.724915458244971,9.35847996790279,0.091508875739645,0.0101028257006935,60.5,f9a0423a1d3b0d2395df93743563d971
562_13,5,3,0.724915458244971,9.35847996790279,0.091508875739645,0.0101028257006935,60.5,f9a0423a1d3b0d2395df93743563d971
562_13,5,4,0.724915458244971,9.35847996790279,0.091508875739645,0.0101028257006935,60.5,f9a0423a1d3b0d2395df93743563d971
562_14,1,1,0.735209116541354,9.35007636278196,0.0704652313783717,0.00879904840225564,60.5,f9a0423a1d3b0d2395df93743563d971
562_14,1,2,0.735209116541354,9.35007636278196,0.0704652313783717,0.00879904840225564,60.5,f9a0423a1d3b0d2395df93743563d971
562_14,1,3,0.735209116541354,9.35007636278196,0.0704652313783717,0.00879904840225564,60.5,f9a0423a1d3b0d2395df93743563d971
562_14,1,4,0.735209116541354,9.35007636278196,0.0704652313783717,0.00879904840225564,60.5,f9a0423a1d3b0d2395df93743563d971
562_14,2,1,0.735209116541354,9.35007636278196,0.0704652313783717,0.00879904840225564,60.5,f9a0423a1d3b0d2395df93743563d971
562_14,2,2,0.735209116541354,9.35007636278196,0.0704652313783717,0.00879904840225564,60.5,f9a0423a1d3b0d2395df93743563d971
562_14,2,3,0.735209116541354,9.35007636278196,0.0704652313783717,0.00879904840225564,60.5,f9a0423a1d3b0d2395df93743563d971
562_14,2,4,0.735209116541354,9.35007636278196,0.0704652313783717,0.00879904840225564,60.5,f9a0423a1d3b0d2395df93743563d971
562_14,3,1,0.735209116541354,9.35007636278196,0.0704652313783717,0.00879904840225564,60.5,f9a0423a1d3b0d2395df93743563d971
562_14,3,2,0.735209116541354,9.35007636278196,0.0704652313783717,0.00879904840225564,60.5,f9a0423a1d3b0d2395df93743563d971
562_14,3,3,0.735209116541354,9.35007636278196,0.0704652313783717,0.00879904840225564,60.5,f9a0423a1d3b0d2395df93743563d971
562_14,3,4,0.735209116541354,9.35007636278196,0.0704652313783717,0.00879904840225564,60.5,f9a0423a1d3b0d2395df93743563d971
562_14,4,1,0.735209116541354,9.35007636278196,0.0704652313783717,0.00879904840225564,60.5,f9a0423a1d3b0d2395df93743563d971
562_14,4,2,0.735209116541354,9.35007636278196,0.0704652313783717,0.00879904840225564,60.5,f9a0423a1d3b0d2395df93743563d971
562_14,4,3,0.735209116541354,9.35007636278196,0.0704652313783717,0.00879904840225564,60.5,f9a0423a1d3b0d2395df93743563d971
562_14,4,4,0.735209116541354,9.35007636278196,0.0704652313783717,0.00879904840225564,60.5,f9a0423a1d3b0d2395df93743563d971
562_14,5,1,0.735209116541354,9.35007636278196,0.0704652313783717,0.00879904840225564,60.5,f9a0423a1d3b0d2395df93743563d971
562_14,5,2,0.735209116541354,9.35007636278196,0.0704652313783717,0.00879904840225564,60.5,f9a0423a1d3b0d2395df93743563d971
562_14,5,3,0.735209116541354,9.35007636278196,0.0704652313783717,0.00879904840225564,60.5,f9a0423a1d3b0d2395df93743563d971
562_14,5,4,0.735209116541354,9.35007636278196,0.0704652313783717,0.00879904840225564,60.5,f9a0423a1d3b0d2395df93743563d971
562_15,1,1,0.746945511606515,9.48288512526378,0.0888711804792262,0.00908078567177101,60.5,f9a0423a1d3b0d2395df93743563d971
562_15,1,2,0.746945511606515,9.48288512526378,0.0888711804792262,0.00908078567177101,60.5,f9a0423a1d3b0d2395df93743563d971
562_15,1,3,0.746945511606515,9.48288512526378,0.0888711804792262,0.00908078567177101,60.5,f9a0423a1d3b0d2395df93743563d971
562_15,1,4,0.746945511606515,9.48288512526378,0.0888711804792262,0.00908078567177101,60.5,f9a0423a1d3b0d2395df93743563d971
562_15,2,1,0.746945511606515,9.48288512526378,0.0888711804792262,0.00908078567177101,60.5,f9a0423a1d3b0d2395df93743563d971
562_15,2,2,0.746945511606515,9.48288512526378,0.0888711804792262,0.00908078567177101,60.5,f9a0423a1d3b0d2395df93743563d971
562_15,2,3,0.746945511606515,9.48288512526378,0.0888711804792262,0.00908078567177101,60.5,f9a0423a1d3b0d2395df93743563d971
562_15,2,4,0.746945511606515,9.48288512526378,0.0888711804792262,0.00908078567177101,60.5,f9a0423a1d3b0d2395df93743563d971
562_15,3,1,0.746945511606515,9.48288512526378,0.0888711804792262,0.00908078567177101,60.5,f9a0423a1d3b0d2395df93743563d971
562_15,3,2,0.746945511606515,9.48288512526378,0.0888711804792262,0.00908078567177101,60.5,f9a0423a1d3b0d2395df93743563d971
562_15,3,3,0.746945511606515,9.48288512526378,0.0888711804792262,0.00908078567177101,60.5,f9a0423a1d3b0d2395df93743563d971
562_15,3,4,0.746945511606515,9.48288512526378,0.0888711804792262,0.00908078567177101,60.5,f9a0423a1d3b0d2395df93743563d971
562_15,4,1,0.746945511606515,9.48288512526378,0.0888711804792262,0.00908078567177101,60.5,f9a0423a1d3b0d2395df93743563d971
562_15,4,2,0.746945511606515,9.48288512526378,0.0888711804792262,0.00908078567177101,60.5,f9a0423a1d3b0d2395df93743563d971
562_15,4,3,0.746945511606515,9.48288512526378,0.0888711804792262,0.00908078567177101,60.5,f9a0423a1d3b0d2395df93743563d971
562_15,4,4,0.746945511606515,9.48288512526378,0.0888711804792262,0.00908078567177101,60.5,f9a0423a1d3b0d2395df93743563d971
562_15,5,1,0.746945511606515,9.48288512526378,0.0888711804792262,0.00908078567177101,60.5,f9a0423a1d3b0d2395df93743563d971
562_15,5,2,0.746945511606515,9.48288512526378,0.0888711804792262,0.00908078567177101,60.5,f9a0423a1d3b0d2395df93743563d971
562_15,5,3,0.746945511606515,9.48288512526378,0.0888711804792262,0.00908078567177101,60.5,f9a0423a1d3b0d2395df93743563d971
562_15,5,4,0.746945511606515,9.48288512526378,0.0888711804792262,0.00908078567177101,60.5,f9a0423a1d3b0d2395df93743563d971
562_4,1,1,1.07473567164761,13.2743720494713,3.05695134880434,3.54912746347064,414.9,f9a0423a1d3b0d2395df93743563d971
562_4,1,2,1.07473567164761,13.2743720494713,3.05695134880434,3.54912746347064,414.9,f9a0423a1d3b0d2395df93743563d971
562_4,1,3,1.07473567164761,13.2743720494713,3.05695134880434,3.54912746347064,414.9,f9a0423a1d3b0d2395df93743563d971
562_4,1,4,1.07473567164761,13.2743720494713,3.05695134880434,3.54912746347064,414.9,f9a0423a1d3b0d2395df93743563d971
562_4,2,1,1.07473567164761,13.2743720494713,3.05695134880434,3.54912746347064,414.9,f9a0423a1d3b0d2395df93743563d971
562_4,2,2,1.07473567164761,13.2743720494713,3.05695134880434,3.54912746347064,414.9,f9a0423a1d3b0d2395df93743563d971
562_4,2,3,1.07473567164761,13.2743720494713,3.05695134880434,3.54912746347064,414.9,f9a0423a1d3b0d2395df93743563d971
562_4,2,4,1.07473567164761,13.2743720494713,3.05695134880434,3.54912746347064,414.9,f9a0423a1d3b0d2395df93743563d971
562_4,3,1,1.07473567164761,13.2743720494713,3.05695134880434,3.54912746347064,414.9,f9a0423a1d3b0d2395df93743563d971
562_4,3,2,1.07473567164761,13.2743720494713,3.05695134880434,3.54912746347064,414.9,f9a0423a1d3b0d2395df93743563d971
562_4,3,3,1.07473567164761,13.2743720494713,3.05695134880434,3.54912746347064,414.9,f9a0423a1d3b0d2395df93743563d971
562_4,3,4,1.07473567164761,13.2743720494713,3.05695134880434,3.54912746347064,414.9,f9a0423a1d3b0d2395df93743563d971
562_4,4,1,1.07473567164761,13.2743720494713,3.05695134880434,3.54912746347064,414.9,f9a0423a1d3b0d2395df93743563d971
562_4,4,2,1.07473567164761,13.2743720494713,3.05695134880434,3.54912746347064,414.9,f9a0423a1d3b0d2395df93743563d971
562_4,4,3,1.07473567164761,13.2743720494713,3.05695134880434,3.54912746347064,414.9,f9a0423a1d3b0d2395df93743563d971
562_4,4,4,1.07473567164761,13.2743720494713,3.05695134880434,3.54912746347064,414.9,f9a0423a1d3b0d2395df93743563d971
562_4,5,1,1.07473567164761,13.2743720494713,3.05695134880434,3.54912746347064,414.9,f9a0423a1d3b0d2395df93743563d971
562_4,5,2,1.07473567164761,13.2743720494713,3.05695134880434,3.54912746347064,414.9,f9a0423a1d3b0d2395df93743563d971
562_4,5,3,1.07473567164761,13.2743720494713,3.05695134880434,3.54912746347064,414.9,f9a0423a1d3b0d2395df93743563d971
562_4,5,4,1.07473567164761,13.2743720494713,3.05695134880434,3.54912746347064,414.9,f9a0423a1d3b0d2395df93743563d971
56629_10,1,1,0.554913240286684,9.30576454854086,0.108893180831554,0.0241957056178535,96,f9a0423a1d3b0d2395df93743563d971
56629_10,1,2,0.554913240286684,9.30576454854086,0.108893180831554,0.0241957056178535,96,f9a0423a1d3b0d2395df93743563d971
56629_10,1,3,0.554913240286684,9.30576454854086,0.108893180831554,0.0241957056178535,96,f9a0423a1d3b0d2395df93743563d971
56629_10,1,4,0.554913240286684,9.30576454854086,0.108893180831554,0.0241957056178535,96,f9a0423a1d3b0d2395df93743563d971
56629_10,2,1,0.554913240286684,9.30576454854086,0.108893180831554,0.0241957056178535,96,f9a0423a1d3b0d2395df93743563d971
56629_10,2,2,0.554913240286684,9.30576454854086,0.108893180831554,0.0241957056178535,96,f9a0423a1d3b0d2395df93743563d971
56629_10,2,3,0.554913240286684,9.30576454854086,0.108893180831554,0.0241957056178535,96,f9a0423a1d3b0d2395df93743563d971
56629_10,2,4,0.554913240286684,9.30576454854086,0.108893180831554,0.0241957056178535,96,f9a0423a1d3b0d2395df93743563d971
56629_10,3,1,0.59986976557804,10.0805349629333,0.120355812991312,0.0241957056178535,96,f9a0423a1d3b0d2395df93743563d971
56629_10,3,2,0.59986976557804,10.0805349629333,0.120355812991312,0.0241957056178535,96,f9a0423a1d3b0d2395df93743563d971
56629_10,3,3,0.59986976557804,10.0805349629333,0.120355812991312,0.0241957056178535,96,f9a0423a1d3b0d2395df93743563d971
56629_10,3,4,0.59986976557804,10.0805349629333,0.120355812991312,0.0241957056178535,96,f9a0423a1d3b0d2395df93743563d971
56629_10,4,1,0.561501025434738,9.40493989171937,0.103766315243927,0.0241957056178535,96,f9a0423a1d3b0d2395df93743563d971
56629_10,4,2,0.562211819066148,9.41242096303502,0.0859507909504101,0.0241957056178535,96,f9a0423a1d3b0d2395df93743563d971
56629_10,4,3,0.561501025434738,9.40493989171937,0.103766315243927,0.0241957056178535,96,f9a0423a1d3b0d2395df93743563d971
56629_10,4,4,0.561501025434738,9.40493989171937,0.103766315243927,0.0241957056178535,96,f9a0423a1d3b0d2395df93743563d971
56629_10,5,1,0.534266810278504,8.98048091314748,0.118053832616911,0.0241957056178535,96,f9a0423a1d3b0d2395df93743563d971
56629_10,5,2,0.53409209050368,8.9870181390386,0.0991622153500141,0.0241957056178535,96,f9a0423a1d3b0d2395df93743563d971
56629_10,5,3,0.534266810278504,8.98048091314748,0.118053832616911,0.0241957056178535,96,f9a0423a1d3b0d2395df93743563d971
56629_10,5,4,0.534266810278504,8.98048091314748,0.118053832616911,0.0241957056178535,96,f9a0423a1d3b0d2395df93743563d971
56798_U1,1,1,0.703447620495667,11.6069750646191,1.26571690809689,0.00707875931275658,494,f9a0423a1d3b0d2395df93743563d971
56798_U1,1,2,0.703447620495667,11.6069750646191,1.26571690809689,0.00707875931275658,494,f9a0423a1d3b0d2395df93743563d971
56798_U1,1,3,0.703447620495667,11.6069750646191,1.26571690809689,0.00707875931275658,494,f9a0423a1d3b0d2395df93743563d971
56798_U1,1,4,0.703447620495667,11.6069750646191,1.26571690809689,0.00707875931275658,494,f9a0423a1d3b0d2395df93743563d971
56798_U1,2,1,0.419674141613006,7.05873038194501,0.0518744906275469,0.00423571426235459,494,f9a0423a1d3b0d2395df93743563d971
56798_U1,2,2,0.420030940112396,7.04621063405825,0.046282794624881,0.00425198172392858,494,f9a0423a1d3b0d2395df93743563d971
56798_U1,2,3,0.444488653109343,7.32615679339817,0.134113745647488,0.00444015456659135,494,f9a0423a1d3b0d2395df93743563d971
56798_U1,2,4,0.422273251341306,7.08118586586743,0.055819515353747,0.00427058592791378,494,f9a0423a1d3b0d2395df93743563d971
56798_U1,3,1,0.412302521612538,6.95126979277126,0.0446104143601285,0.00416572907492946,494,f9a0423a1d3b0d2395df93743563d971
56798_U1,3,2,0.409822144455775,6.88987372203363,0.0432282664534592,0.00412973982095164,494,f9a0423a1d3b0d2395df93743563d971
56798_U1,3,3,0.413298963357171,6.94377254300271,0.0449280835590276,0.00416977552221084,494,f9a0423a1d3b0d2395df93743563d971
56798_U1,3,4,0.410002689413649,6.89279663209406,0.0433110337872599,0.00413185047737092,494,f9a0423a1d3b0d2395df93743563d971
56798_U1,4,1,0.41268124070482,6.93424876654905,0.0474056671480238,0.0041615520439865,494,f9a0423a1d3b0d2395df93743563d971
56798_U1,4,2,0.41268124070482,6.93424876654905,0.0474056671480238,0.0041615520439865,494,f9a0423a1d3b0d2395df93743563d971
56798_U1,4,3,0.41268124070482,6.93424876654905,0.0474056671480238,0.0041615520439865,494,f9a0423a1d3b0d2395df93743563d971
56798_U1,4,4,0.41268124070482,6.93424876654905,0.0474056671480238,0.0041615520439865,494,f9a0423a1d3b0d2395df93743563d971
56798_U1,5,1,0.41268124070482,6.93424876654905,0.0474056671480238,0.0041615520439865,494,f9a0423a1d3b0d2395df93743563d971
56798_U1,5,2,0.41268124070482,6.93424876654905,0.0474056671480238,0.0041615520439865,494,f9a0423a1d3b0d2395df93743563d971
56798_U1,5,3,0.41268124070482,6.93424876654905,0.0474056671480238,0.0041615520439865,494,f9a0423a1d3b0d2395df93743563d971
56798_U1,5,4,0.41268124070482,6.93424876654905,0.0474056671480238,0.0041615520439865,494,f9a0423a1d3b0d2395df93743563d971
56798_U2,1,1,0.707873516354082,11.6813173869711,1.1975020939055,0.00711964301893631,494,f9a0423a1d3b0d2395df93743563d971
56798_U2,1,2,0.707873516354082,11.6813173869711,1.1975020939055,0.00711964301893631,494,f9a0423a1d3b0d2395df93743563d971
56798_U2,1,3,0.707873516354082,11.6813173869711,1.1975020939055,0.00711964301893631,494,f9a0423a1d3b0d2395df93743563d971
56798_U2,1,4,0.707873516354082,11.6813173869711,1.1975020939055,0.00711964301893631,494,f9a0423a1d3b0d2395df93743563d971
56798_U2,2,1,0.420984140160069,7.07187746124911,0.0507428470516674,0.00423788779481884,494,f9a0423a1d3b0d2395df93743563d971
56798_U2,2,2,0.420215155114427,7.03516728074302,0.0461802021611738,0.00423762335574803,494,f9a0423a1d3b0d2395df93743563d971
56798_U2,2,3,0.447150121432908,7.33588532179721,0.113449818714804,0.00444053582270795,494,f9a0423a1d3b0d2395df93743563d971
56798_U2,2,4,0.422628911555953,7.0729901319938,0.0536088790352733,0.00425907633973397,494,f9a0423a1d3b0d2395df93743563d971
56798_U2,3,1,0.414229299040579,6.97318684656861,0.0444317052663762,0.00417239197023011,494,f9a0423a1d3b0d2395df93743563d971
56798_U2,3,2,0.412552037319064,6.92442996360721,0.0436594812828869,0.00415730691380934,494,f9a0423a1d3b0d2395df93743563d971
56798_U2,3,3,0.415210319188711,6.96831374619853,0.0453505156836417,0.00418510709646584,494,f9a0423a1d3b0d2395df93743563d971
56798_U2,3,4,0.412674229583456,6.9265883128438,0.0437300813517832,0.004158639466099,494,f9a0423a1d3b0d2395df93743563d971
56798_U2,4,1,0.414765579836007,6.95788431319469,0.0468097626409162,0.00417971729199168,494,f9a0423a1d3b0d2395df93743563d971
56798_U2,4,2,0.414765579836007,6.95788431319469,0.0468097626409162,0.00417971729199168,494,f9a0423a1d3b0d2395df93743563d971
56798_U2,4,3,0.414765579836007,6.95788431319469,0.0468097626409162,0.00417971729199168,494,f9a0423a1d3b0d2395df93743563d971
56798_U2,4,4,0.414765579836007,6.95788431319469,0.0468097626409162,0.00417971729199168,494,f9a0423a1d3b0d2395df93743563d971
56798_U2,5,1,0.414765579836007,6.95788431319469,0.0468097626409162,0.00417971729199168,494,f9a0423a1d3b0d2395df93743563d971
56798_U2,5,2,0.414765579836007,6.95788431319469,0.0468097626409162,0.00417971729199168,494,f9a0423a1d3b0d2395df93743563d971
56798_U2,5,3,0.414765579836007,6.95788431319469,0.0468097626409162,0.00417971729199168,494,f9a0423a1d3b0d2395df93743563d971
56798_U2,5,4,0.414765579836007,6.95788431319469,0.0468097626409162,0.00417971729199168,494,f9a0423a1d3b0d2395df93743563d971
568_BHB5,1,1,0.382133059168164,6.42652707657138,0.0389671933138184,0.00385863411881512,575.6,f9a0423a1d3b0d2395df93743563d971
568_BHB5,1,2,0.382133059168164,6.42652707657138,0.0389671933138184,0.00385863411881512,575.6,f9a0423a1d3b0d2395df93743563d971
568_BHB5,1,3,0.382133059168164,6.42652707657138,0.0389671933138184,0.00385863411881512,575.6,f9a0423a1d3b0d2395df93743563d971
568_BHB5,1,4,0.382133059168164,6.42652707657138,0.0389671933138184,0.00385863411881512,575.6,f9a0423a1d3b0d2395df93743563d971
568_BHB5,2,1,0.421225692211185,7.07686700493104,0.0452346936332219,0.00424736971660433,575.6,f9a0423a1d3b0d2395df93743563d971
568_BHB5,2,2,0.426808466543871,7.16908218485725,0.0471337824256533,0.00430651781768043,575.6,f9a0423a1d3b0d2395df93743563d971
568_BHB5,2,3,0.427619770710875,7.18158522746924,0.0475425692728762,0.00431468211291197,575.6,f9a0423a1d3b0d2395df93743563d971
568_BHB5,2,4,0.427619770710875,7.18158522746924,0.0475425692728762,0.00431468211291197,575.6,f9a0423a1d3b0d2395df93743563d971
568_BHB5,3,1,0.390268487890393,6.56424909304032,0.0399726903652446,0.00394300675828438,575.6,f9a0423a1d3b0d2395df93743563d971
568_BHB5,3,2,0.390843084908919,6.57267639187937,0.0396505746709104,0.00394653091397416,575.6,f9a0423a1d3b0d2395df93743563d971
568_BHB5,3,3,0.391024351182654,6.57248651719229,0.0397255520396349,0.0039472151500219,575.6,f9a0423a1d3b0d2395df93743563d971
568_BHB5,3,4,0.390809798326911,6.57202321992884,0.0397496853006334,0.00394659838216519,575.6,f9a0423a1d3b0d2395df93743563d971
568_BHB5,4,1,0.381074105398233,6.41239464551314,0.0385979072804919,0.00384744378663711,575.6,f9a0423a1d3b0d2395df93743563d971
568_BHB5,4,2,0.377975349394803,6.35718460803919,0.0383668575313002,0.00381672778993796,575.6,f9a0423a1d3b0d2395df93743563d971
568_BHB5,4,3,0.379007451030742,6.37603254129389,0.0383436403071294,0.00382706441240418,575.6,f9a0423a1d3b0d2395df93743563d971
568_BHB5,4,4,0.378061623738188,6.35864566601674,0.0383690762020955,0.00381761716723941,575.6,f9a0423a1d3b0d2395df93743563d971
568_BHB5,5,1,0.382133059168164,6.42652707657138,0.0389671933138184,0.00385863411881512,575.6,f9a0423a1d3b0d2395df93743563d971
568_BHB5,5,2,0.382133059168164,6.42652707657138,0.0389671933138184,0.00385863411881512,575.6,f9a0423a1d3b0d2395df93743563d971
568_BHB5,5,3,0.382133059168164,6.42652707657138,0.0389671933138184,0.00385863411881512,575.6,f9a0423a1d3b0d2395df93743563d971
568_BHB5,5,4,0.382133059168164,6.42652707657138,0.0389671933138184,0.00385863411881512,575.6,f9a0423a1d3b0d2395df93743563d971
58054_ST01,1,1,1.44694826449984,13.8663958928272,0.91461420733157,0.0582143081065454,75,f9a0423a1d3b0d2395df93743563d971
58054_ST01,1,2,1.44694826449984,13.8663958928272,0.91461420733157,0.0582143081065454,75,f9a0423a1d3b0d2395df93743563d971
58054_ST01,1,3,1.44694826449984,13.8663958928272,0.91461420733157,0.0582143081065454,75,f9a0423a1d3b0d2395df93743563d971
58054_ST01,1,4,1.44694826449984,13.8663958928272,0.91461420733157,0.0582143081065454,75,f9a0423a1d3b0d2395df93743563d971
58054_ST01,2,1,1.85838675213675,17.8085737179487,0.91461420733157,0.115767002134797,75,f9a0423a1d3b0d2395df93743563d971
58054_ST01,2,2,1.85838675213675,17.8085737179487,0.91461420733157,0.115767002134797,75,f9a0423a1d3b0d2395df93743563d971
58054_ST01,2,3,1.85838675213675,17.8085737179487,0.91461420733157,0.115767002134797,75,f9a0423a1d3b0d2395df93743563d971
58054_ST01,2,4,1.85838675213675,17.8085737179487,0.91461420733157,0.115767002134797,75,f9a0423a1d3b0d2395df93743563d971
58054_ST01,3,1,1.55671301913961,14.9222815447589,0.91461420733157,0.0667769640641347,75,f9a0423a1d3b0d2395df93743563d971
58054_ST01,3,2,1.55671301913961,14.9222815447589,0.91461420733157,0.066556837590776,75,f9a0423a1d3b0d2395df93743563d971
58054_ST01,3,3,1.55671301913961,14.9222815447589,0.91461420733157,0.0667769640641347,75,f9a0423a1d3b0d2395df93743563d971
58054_ST01,3,4,1.55671301913961,14.9222815447589,0.91461420733157,0.0667769640641347,75,f9a0423a1d3b0d2395df93743563d971
58054_ST01,4,1,1.43255893161855,13.7301962551851,0.91461420733157,0.0611673247778875,75,f9a0423a1d3b0d2395df93743563d971
58054_ST01,4,2,1.43255893161855,13.7301962551851,0.91461420733157,0.0575482431474471,75,f9a0423a1d3b0d2395df93743563d971
58054_ST01,4,3,1.43255893161855,13.7301962551851,0.91461420733157,0.0600529935019873,75,f9a0423a1d3b0d2395df93743563d971
58054_ST01,4,4,1.43255893161855,13.7301962551851,0.91461420733157,0.0575743426432797,75,f9a0423a1d3b0d2395df93743563d971
58054_ST01,5,1,1.45149737049566,13.9067793018474,0.91461420733157,0.0577383907794138,75,f9a0423a1d3b0d2395df93743563d971
58054_ST01,5,2,1.45149737049566,13.9067793018474,0.91461420733157,0.0577357996869519,75,f9a0423a1d3b0d2395df93743563d971
58054_ST01,5,3,1.45149737049566,13.9067793018474,0.91461420733157,0.0577383907794138,75,f9a0423a1d3b0d2395df93743563d971
58054_ST01,5,4,1.45149737049566,13.9067793018474,0.91461420733157,0.0577383907794138,75,f9a0423a1d3b0d2395df93743563d971
589_1,1,1,2.83301759133965,30.5290040376851,2.58545380592679,0.0199192462987887,59.5,f9a0423a1d3b0d2395df93743563d971
589_1,1,2,2.83301759133965,30.5290040376851,2.58545380592679,0.0199192462987887,59.5,f9a0423a1d3b0d2395df93743563d971
589_1,1,3,2.83301759133965,30.5290040376851,2.58545380592679,0.0199192462987887,59.5,f9a0423a1d3b0d2395df93743563d971
589_1,1,4,2.83301759133965,30.5290040376851,2.58545380592679,0.0199192462987887,59.5,f9a0423a1d3b0d2395df93743563d971
589_1,2,1,1.63011242350932,15.5536477942744,0.823342896742897,0.0107063086775596,59.5,f9a0423a1d3b0d2395df93743563d971
589_1,2,2,1.72960916141598,16.4926638210047,1.23144026645732,0.0107063086775596,59.5,f9a0423a1d3b0d2395df93743563d971
589_1,2,3,1.69777026180634,16.2032694475761,1.89620903954802,0.0107063086775596,59.5,f9a0423a1d3b0d2395df93743563d971
589_1,2,4,1.71486733378467,16.3557252615872,1.23596213679318,0.0107063086775596,59.5,f9a0423a1d3b0d2395df93743563d971
589_1,3,1,1.47130569413384,14.0287072570021,0.806796109711727,0.0093288708461165,59.5,f9a0423a1d3b0d2395df93743563d971
589_1,3,2,1.49469949948715,14.2517285778168,0.961290065070614,0.0093288708461165,59.5,f9a0423a1d3b0d2395df93743563d971
589_1,3,3,1.54368459227023,14.7184934814099,1.45399850968703,0.0093288708461165,59.5,f9a0423a1d3b0d2395df93743563d971
589_1,3,4,1.49781238048972,14.2814057867716,1.00885985175846,0.0093288708461165,59.5,f9a0423a1d3b0d2395df93743563d971
589_1,4,1,1.44083171484063,13.7354546490428,0.873260495812767,0.00877435545614398,59.5,f9a0423a1d3b0d2395df93743563d971
589_1,4,2,1.46421265137428,13.9610881170203,0.958658978098777,0.00877435545614398,59.5,f9a0423a1d3b0d2395df93743563d971
589_1,4,3,1.48864086327021,14.1935497998943,1.1901588862784,0.00877435545614398,59.5,f9a0423a1d3b0d2395df93743563d971
589_1,4,4,1.46463683396882,13.9651004440952,0.963577721761928,0.00877435545614398,59.5,f9a0423a1d3b0d2395df93743563d971
589_1,5,1,1.45658853794483,13.8876661426326,1.03666028297842,0.00863227097327426,59.5,f9a0423a1d3b0d2395df93743563d971
589_1,5,2,1.45690397588632,13.8906990096168,1.03692335294962,0.00863227097327426,59.5,f9a0423a1d3b0d2395df93743563d971
589_1,5,3,1.45658853794483,13.8876661426326,1.03666028297842,0.00863227097327426,59.5,f9a0423a1d3b0d2395df93743563d971
589_1,5,4,1.45658853794483,13.8876661426326,1.03666028297842,0.00863227097327426,59.5,f9a0423a1d3b0d2395df93743563d971
59882_J4,1,1,0.742980119979555,12.5021063675248,0.101026531901453,0.00750332230382267,131.8,f9a0423a1d3b0d2395df93743563d971
59882_J4,1,2,0.742980119979555,12.5021063675248,0.102357066329015,0.00750332230382267,131.8,f9a0423a1d3b0d2395df93743563d971
59882_J4,1,3,0.742980119979555,12.5021063675248,0.110506734738214,0.00750332230382267,131.8,f9a0423a1d3b0d2395df93743563d971
59882_J4,1,4,0.742980119979555,12.5021063675248,0.110506734738214,0.00750332230382267,131.8,f9a0423a1d3b0d2395df93743563d971
59882_J4,2,1,0.613488803971287,10.1196564408414,0.083581321114143,0.00641114603049891,131.8,f9a0423a1d3b0d2395df93743563d971
59882_J4,2,2,0.613488803971287,10.1196564408414,0.0935918039373242,0.00641114603049891,131.8,f9a0423a1d3b0d2395df93743563d971
59882_J4,2,3,0.613488803971287,10.1196564408414,0.0782876881322477,0.00641114603049891,131.8,f9a0423a1d3b0d2395df93743563d971
59882_J4,2,4,0.613488803971287,10.1196564408414,0.0905957233783881,0.00641114603049891,131.8,f9a0423a1d3b0d2395df93743563d971
59882_J4,3,1,0.523753727627946,8.70294187163382,0.0721783181357649,0.00539085656238528,131.8,f9a0423a1d3b0d2395df93743563d971
59882_J4,3,2,0.523753727627946,8.70294187163382,0.0723433230459043,0.00539085656238528,131.8,f9a0423a1d3b0d2395df93743563d971
59882_J4,3,3,0.523753727627946,8.70294187163382,0.0718853424580692,0.00539085656238528,131.8,f9a0423a1d3b0d2395df93743563d971
59882_J4,3,4,0.523753727627946,8.70294187163382,0.0743667251073091,0.00539085656238528,131.8,f9a0423a1d3b0d2395df93743563d971
59882_J4,4,1,0.496470801941059,8.27343153961265,0.0680555675694378,0.00504041277777297,131.8,f9a0423a1d3b0d2395df93743563d971
59882_J4,4,2,0.496470801941059,8.27343153961265,0.0676574739778946,0.00504041277777297,131.8,f9a0423a1d3b0d2395df93743563d971
59882_J4,4,3,0.496470801941059,8.27343153961265,0.067717863531817,0.00504041277777297,131.8,f9a0423a1d3b0d2395df93743563d971
59882_J4,4,4,0.496470801941059,8.27343153961265,0.0680555675694378,0.00504041277777297,131.8,f9a0423a1d3b0d2395df93743563d971
59882_J4,5,1,0.548335888723981,9.12221595299717,0.0780754814368756,0.00562427907319048,131.8,f9a0423a1d3b0d2395df93743563d971
59882_J4,5,2,0.548335888723981,9.12221595299717,0.0780754814368756,0.00562427907319048,131.8,f9a0423a1d3b0d2395df93743563d971
59882_J4,5,3,0.548335888723981,9.12221595299717,0.0780754814368756,0.00562427907319048,131.8,f9a0423a1d3b0d2395df93743563d971
59882_J4,5,4,0.548335888723981,9.12221595299717,0.0780754814368756,0.00562427907319048,131.8,f9a0423a1d3b0d2395df93743563d971
59882_J5,1,1,0.742432825943084,12.489974851092,0.103697970416237,0.00749834546657843,131.8,f9a0423a1d3b0d2395df93743563d971
59882_J5,1,2,0.742432825943084,12.489974851092,0.102561210583204,0.00749834546657843,131.8,f9a0423a1d3b0d2395df93743563d971
59882_J5,1,3,0.742432825943084,12.489974851092,0.108983086905648,0.00749834546657843,131.8,f9a0423a1d3b0d2395df93743563d971
59882_J5,1,4,0.742432825943084,12.489974851092,0.108983086905648,0.00749834546657843,131.8,f9a0423a1d3b0d2395df93743563d971
59882_J5,2,1,0.615395441501709,10.2015316846704,0.0853058103975535,0.00637528102209793,131.8,f9a0423a1d3b0d2395df93743563d971
59882_J5,2,2,0.615395441501709,10.2015316846704,0.0937106017191977,0.00637528102209793,131.8,f9a0423a1d3b0d2395df93743563d971
59882_J5,2,3,0.615395441501709,10.2015316846704,0.0803206814480772,0.00637528102209793,131.8,f9a0423a1d3b0d2395df93743563d971
59882_J5,2,4,0.615395441501709,10.2015316846704,0.0902068081991215,0.00637528102209793,131.8,f9a0423a1d3b0d2395df93743563d971
59882_J5,3,1,0.528637360842066,8.81473732116601,0.075337105706718,0.00540588022498658,131.8,f9a0423a1d3b0d2395df93743563d971
59882_J5,3,2,0.528637360842066,8.81473732116601,0.0736582193366329,0.00540588022498658,131.8,f9a0423a1d3b0d2395df93743563d971
59882_J5,3,3,0.528637360842066,8.81473732116601,0.0729198467337466,0.00540588022498658,131.8,f9a0423a1d3b0d2395df93743563d971
59882_J5,3,4,0.528637360842066,8.81473732116601,0.0763273133342298,0.00540588022498658,131.8,f9a0423a1d3b0d2395df93743563d971
59882_J5,4,1,0.504593363695511,8.38766056324937,0.0707356101554578,0.00512903615577656,131.8,f9a0423a1d3b0d2395df93743563d971
59882_J5,4,2,0.504593363695511,8.38766056324937,0.0705189532499899,0.00512903615577656,131.8,f9a0423a1d3b0d2395df93743563d971
59882_J5,4,3,0.504593363695511,8.38766056324937,0.0693699545328013,0.00512903615577656,131.8,f9a0423a1d3b0d2395df93743563d971
59882_J5,4,4,0.504593363695511,8.38766056324937,0.0707356101554578,0.00512903615577656,131.8,f9a0423a1d3b0d2395df93743563d971
59882_J5,5,1,0.556192793918119,9.26903656881959,0.0800635966923247,0.00568126117201129,131.8,f9a0423a1d3b0d2395df93743563d971
59882_J5,5,2,0.556192793918119,9.26903656881959,0.0800635966923247,0.00568126117201129,131.8,f9a0423a1d3b0d2395df93743563d971
59882_J5,5,3,0.556192793918119,9.26903656881959,0.0800635966923247,0.00568126117201129,131.8,f9a0423a1d3b0d2395df93743563d971
59882_J5,5,4,0.556192793918119,9.26903656881959,0.0800635966923247,0.00568126117201129,131.8,f9a0423a1d3b0d2395df93743563d971
6081_001,1,1,0.853245816503174,13.5407530294287,3.72910676047721,0.00495111158786224,190,f9a0423a1d3b0d2395df93743563d971
6081_001,1,2,0.853245816503174,13.5407530294287,3.72910676047721,0.00495111158786224,190,f9a0423a1d3b0d2395df93743563d971
6081_001,1,3,0.853245816503174,13.5407530294287,3.72910676047721,0.00495111158786224,190,f9a0423a1d3b0d2395df93743563d971
6081_001,1,4,0.853245816503174,13.5407530294287,3.72910676047721,0.00495111158786224,190,f9a0423a1d3b0d2395df93743563d971
6081_001,2,1,0.779649684573911,12.061005587688,1.88537582329441,0.00495111158786224,190,f9a0423a1d3b0d2395df93743563d971
6081_001,2,2,0.779080380176864,12.061005587688,1.85627306222745,0.00495111158786224,190,f9a0423a1d3b0d2395df93743563d971
6081_001,2,3,0.779649684573911,12.061005587688,1.88537582329441,0.00495111158786224,190,f9a0423a1d3b0d2395df93743563d971
6081_001,2,4,0.779649684573911,12.061005587688,1.88537582329441,0.00495111158786224,190,f9a0423a1d3b0d2395df93743563d971
6081_001,3,1,0.778123797642505,11.9711061105994,1.91517813543762,0.00495111158786224,190,f9a0423a1d3b0d2395df93743563d971
6081_001,3,2,0.778123797642505,11.9711061105994,1.91517813543762,0.00495111158786224,190,f9a0423a1d3b0d2395df93743563d971
6081_001,3,3,0.778123797642505,11.9711061105994,1.91517813543762,0.00495111158786224,190,f9a0423a1d3b0d2395df93743563d971
6081_001,3,4,0.778123797642505,11.9711061105994,1.91517813543762,0.00495111158786224,190,f9a0423a1d3b0d2395df93743563d971
6081_001,4,1,0.778123797642505,11.9711061105994,1.91517813543762,0.00495111158786224,190,f9a0423a1d3b0d2395df93743563d971
6081_001,4,2,0.778123797642505,11.9711061105994,1.91517813543762,0.00495111158786224,190,f9a0423a1d3b0d2395df93743563d971
6081_001,4,3,0.778123797642505,11.9711061105994,1.91517813543762,0.00495111158786224,190,f9a0423a1d3b0d2395df93743563d971
6081_001,4,4,0.778123797642505,11.9711061105994,1.91517813543762,0.00495111158786224,190,f9a0423a1d3b0d2395df93743563d971
6081_001,5,1,0.778123797642505,11.9711061105994,1.91517813543762,0.00495111158786224,190,f9a0423a1d3b0d2395df93743563d971
6081_001,5,2,0.778123797642505,11.9711061105994,1.91517813543762,0.00495111158786224,190,f9a0423a1d3b0d2395df93743563d971
6081_001,5,3,0.778123797642505,11.9711061105994,1.91517813543762,0.00495111158786224,190,f9a0423a1d3b0d2395df93743563d971
6081_001,5,4,0.778123797642505,11.9711061105994,1.91517813543762,0.00495111158786224,190,f9a0423a1d3b0d2395df93743563d971
6081_002,1,1,0.864358621480589,11.557011583233,1.95803740565896,0.00495111158786224,190,f9a0423a1d3b0d2395df93743563d971
6081_002,1,2,0.864358621480589,11.557011583233,1.95803740565896,0.00495111158786224,190,f9a0423a1d3b0d2395df93743563d971
6081_002,1,3,0.864358621480589,11.557011583233,1.95803740565896,0.00495111158786224,190,f9a0423a1d3b0d2395df93743563d971
6081_002,1,4,0.864358621480589,11.557011583233,1.95803740565896,0.00495111158786224,190,f9a0423a1d3b0d2395df93743563d971
6081_002,2,1,0.864358621480589,11.557011583233,1.95803740565896,0.00495111158786224,190,f9a0423a1d3b0d2395df93743563d971
6081_002,2,2,0.864358621480589,11.557011583233,1.95803740565896,0.00495111158786224,190,f9a0423a1d3b0d2395df93743563d971
6081_002,2,3,0.864358621480589,11.557011583233,1.95803740565896,0.00495111158786224,190,f9a0423a1d3b0d2395df93743563d971
6081_002,2,4,0.864358621480589,11.557011583233,1.95803740565896,0.00495111158786224,190,f9a0423a1d3b0d2395df93743563d971
6081_002,3,1,0.864358621480589,11.557011583233,1.95803740565896,0.00495111158786224,190,f9a0423a1d3b0d2395df93743563d971
6081_002,3,2,0.864358621480589,11.557011583233,1.95803740565896,0.00495111158786224,190,f9a0423a1d3b0d2395df93743563d971
6081_002,3,3,0.864358621480589,11.557011583233,1.95803740565896,0.00495111158786224,190,f9a0423a1d3b0d2395df93743563d971
6081_002,3,4,0.864358621480589,11.557011583233,1.95803740565896,0.00495111158786224,190,f9a0423a1d3b0d2395df93743563d971
6081_002,4,1,0.864358621480589,11.557011583233,1.95803740565896,0.00495111158786224,190,f9a0423a1d3b0d2395df93743563d971
6081_002,4,2,0.864358621480589,11.557011583233,1.95803740565896,0.00495111158786224,190,f9a0423a1d3b0d2395df93743563d971
6081_002,4,3,0.864358621480589,11.557011583233,1.95803740565896,0.00495111158786224,190,f9a0423a1d3b0d2395df93743563d971
6081_002,4,4,0.864358621480589,11.557011583233,1.95803740565896,0.00495111158786224,190,f9a0423a1d3b0d2395df93743563d971
6081_002,5,1,0.864358621480589,11.557011583233,1.95803740565896,0.00495111158786224,190,f9a0423a1d3b0d2395df93743563d971
6081_002,5,2,0.864358621480589,11.557011583233,1.95803740565896,0.00495111158786224,190,f9a0423a1d3b0d2395df93743563d971
6081_002,5,3,0.864358621480589,11.557011583233,1.95803740565896,0.00495111158786224,190,f9a0423a1d3b0d2395df93743563d971
6081_002,5,4,0.864358621480589,11.557011583233,1.95803740565896,0.00495111158786224,190,f9a0423a1d3b0d2395df93743563d971
6081_003,1,1,0.837153294547423,13.4019077256122,3.14995684695052,0.00495111158786224,190,f9a0423a1d3b0d2395df93743563d971
6081_003,1,2,0.837153294547423,13.4019077256122,3.14995684695052,0.00495111158786224,190,f9a0423a1d3b0d2395df93743563d971
6081_003,1,3,0.837153294547423,13.4019077256122,3.14995684695052,0.00495111158786224,190,f9a0423a1d3b0d2395df93743563d971
6081_003,1,4,0.837153294547423,13.4019077256122,3.14995684695052,0.00495111158786224,190,f9a0423a1d3b0d2395df93743563d971
6081_003,2,1,0.777524718090585,11.943356317472,1.87522379396142,0.00495111158786224,190,f9a0423a1d3b0d2395df93743563d971
6081_003,2,2,0.7769609345139,11.943356317472,1.85285775331656,0.00495111158786224,190,f9a0423a1d3b0d2395df93743563d971
6081_003,2,3,0.777524718090585,11.943356317472,1.87522379396142,0.00495111158786224,190,f9a0423a1d3b0d2395df93743563d971
6081_003,2,4,0.777524718090585,11.943356317472,1.87522379396142,0.00495111158786224,190,f9a0423a1d3b0d2395df93743563d971
6081_003,3,1,0.777761938089447,11.9322124761927,1.89997632042845,0.00495111158786224,190,f9a0423a1d3b0d2395df93743563d971
6081_003,3,2,0.777761938089447,11.9322124761927,1.89997632042845,0.00495111158786224,190,f9a0423a1d3b0d2395df93743563d971
6081_003,3,3,0.777761938089447,11.9322124761927,1.89997632042845,0.00495111158786224,190,f9a0423a1d3b0d2395df93743563d971
6081_003,3,4,0.777761938089447,11.9322124761927,1.89997632042845,0.00495111158786224,190,f9a0423a1d3b0d2395df93743563d971
6081_003,4,1,0.777761938089447,11.9322124761927,1.89997632042845,0.00495111158786224,190,f9a0423a1d3b0d2395df93743563d971
6081_003,4,2,0.777761938089447,11.9322124761927,1.89997632042845,0.00495111158786224,190,f9a0423a1d3b0d2395df93743563d971
6081_003,4,3,0.777761938089447,11.9322124761927,1.89997632042845,0.00495111158786224,190,f9a0423a1d3b0d2395df93743563d971
6081_003,4,4,0.777761938089447,11.9322124761927,1.89997632042845,0.00495111158786224,190,f9a0423a1d3b0d2395df93743563d971
6081_003,5,1,0.777761938089447,11.9322124761927,1.89997632042845,0.00495111158786224,190,f9a0423a1d3b0d2395df93743563d971
6081_003,5,2,0.777761938089447,11.9322124761927,1.89997632042845,0.00495111158786224,190,f9a0423a1d3b0d2395df93743563d971
6081_003,5,3,0.777761938089447,11.9322124761927,1.89997632042845,0.00495111158786224,190,f9a0423a1d3b0d2395df93743563d971
6081_003,5,4,0.777761938089447,11.9322124761927,1.89997632042845,0.00495111158786224,190,f9a0423a1d3b0d2395df93743563d971
6081_004,1,1,1.06759084226003,13.9984558650823,15.816370510397,0.00840041579007275,85,f9a0423a1d3b0d2395df93743563d971
6081_004,1,2,1.06759084226003,13.9984558650823,15.816370510397,0.00840041579007275,85,f9a0423a1d3b0d2395df93743563d971
6081_004,1,3,1.06759084226003,13.9984558650823,15.816370510397,0.00840041579007275,85,f9a0423a1d3b0d2395df93743563d971
6081_004,1,4,1.06759084226003,13.9984558650823,15.816370510397,0.00840041579007275,85,f9a0423a1d3b0d2395df93743563d971
6081_004,2,1,1.06759084226003,13.9984558650823,15.816370510397,0.00840041579007275,85,f9a0423a1d3b0d2395df93743563d971
6081_004,2,2,1.06759084226003,13.9984558650823,15.816370510397,0.00840041579007275,85,f9a0423a1d3b0d2395df93743563d971
6081_004,2,3,1.06759084226003,13.9984558650823,15.816370510397,0.00840041579007275,85,f9a0423a1d3b0d2395df93743563d971
6081_004,2,4,1.06759084226003,13.9984558650823,15.816370510397,0.00840041579007275,85,f9a0423a1d3b0d2395df93743563d971
6081_004,3,1,1.06759084226003,13.9984558650823,15.816370510397,0.00840041579007275,85,f9a0423a1d3b0d2395df93743563d971
6081_004,3,2,1.06759084226003,13.9984558650823,15.816370510397,0.00840041579007275,85,f9a0423a1d3b0d2395df93743563d971
6081_004,3,3,1.06759084226003,13.9984558650823,15.816370510397,0.00840041579007275,85,f9a0423a1d3b0d2395df93743563d971
6081_004,3,4,1.06759084226003,13.9984558650823,15.816370510397,0.00840041579007275,85,f9a0423a1d3b0d2395df93743563d971
6081_004,4,1,1.06759084226003,13.9984558650823,15.816370510397,0.00840041579007275,85,f9a0423a1d3b0d2395df93743563d971
6081_004,4,2,1.06759084226003,13.9984558650823,15.816370510397,0.00840041579007275,85,f9a0423a1d3b0d2395df93743563d971
6081_004,4,3,1.06759084226003,13.9984558650823,15.816370510397,0.00840041579007275,85,f9a0423a1d3b0d2395df93743563d971
6081_004,4,4,1.06759084226003,13.9984558650823,15.816370510397,0.00840041579007275,85,f9a0423a1d3b0d2395df93743563d971
6081_004,5,1,1.06759084226003,13.9984558650823,15.816370510397,0.00840041579007275,85,f9a0423a1d3b0d2395df93743563d971
6081_004,5,2,1.06759084226003,13.9984558650823,15.816370510397,0.00840041579007275,85,f9a0423a1d3b0d2395df93743563d971
6081_004,5,3,1.06759084226003,13.9984558650823,15.816370510397,0.00840041579007275,85,f9a0423a1d3b0d2395df93743563d971
6081_004,5,4,1.06759084226003,13.9984558650823,15.816370510397,0.00840041579007275,85,f9a0423a1d3b0d2395df93743563d971
6081_005,1,1,1.09605180037903,13.9984558650823,16.2371717354029,0.00840041579007275,85,f9a0423a1d3b0d2395df93743563d971
6081_005,1,2,1.09605180037903,13.9984558650823,16.2371717354029,0.00840041579007275,85,f9a0423a1d3b0d2395df93743563d971
6081_005,1,3,1.09605180037903,13.9984558650823,16.2371717354029,0.00840041579007275,85,f9a0423a1d3b0d2395df93743563d971
6081_005,1,4,1.09605180037903,13.9984558650823,16.2371717354029,0.00840041579007275,85,f9a0423a1d3b0d2395df93743563d971
6081_005,2,1,1.09605180037903,13.9984558650823,16.2371717354029,0.00840041579007275,85,f9a0423a1d3b0d2395df93743563d971
6081_005,2,2,1.09605180037903,13.9984558650823,16.2371717354029,0.00840041579007275,85,f9a0423a1d3b0d2395df93743563d971
6081_005,2,3,1.09605180037903,13.9984558650823,16.2371717354029,0.00840041579007275,85,f9a0423a1d3b0d2395df93743563d971
6081_005,2,4,1.09605180037903,13.9984558650823,16.2371717354029,0.00840041579007275,85,f9a0423a1d3b0d2395df93743563d971
6081_005,3,1,1.09605180037903,13.9984558650823,16.2371717354029,0.00840041579007275,85,f9a0423a1d3b0d2395df93743563d971
6081_005,3,2,1.09605180037903,13.9984558650823,16.2371717354029,0.00840041579007275,85,f9a0423a1d3b0d2395df93743563d971
6081_005,3,3,1.09605180037903,13.9984558650823,16.2371717354029,0.00840041579007275,85,f9a0423a1d3b0d2395df93743563d971
6081_005,3,4,1.09605180037903,13.9984558650823,16.2371717354029,0.00840041579007275,85,f9a0423a1d3b0d2395df93743563d971
6081_005,4,1,1.09605180037903,13.9984558650823,16.2371717354029,0.00840041579007275,85,f9a0423a1d3b0d2395df93743563d971
6081_005,4,2,1.09605180037903,13.9984558650823,16.2371717354029,0.00840041579007275,85,f9a0423a1d3b0d2395df93743563d971
6081_005,4,3,1.09605180037903,13.9984558650823,16.2371717354029,0.00840041579007275,85,f9a0423a1d3b0d2395df93743563d971
6081_005,4,4,1.09605180037903,13.9984558650823,16.2371717354029,0.00840041579007275,85,f9a0423a1d3b0d2395df93743563d971
6081_005,5,1,1.09605180037903,13.9984558650823,16.2371717354029,0.00840041579007275,85,f9a0423a1d3b0d2395df93743563d971
6081_005,5,2,1.09605180037903,13.9984558650823,16.2371717354029,0.00840041579007275,85,f9a0423a1d3b0d2395df93743563d971
6081_005,5,3,1.09605180037903,13.9984558650823,16.2371717354029,0.00840041579007275,85,f9a0423a1d3b0d2395df93743563d971
6081_005,5,4,1.09605180037903,13.9984558650823,16.2371717354029,0.00840041579007275,85,f9a0423a1d3b0d2395df93743563d971
60903_1,1,1,0.423288810081847,7.12268152742304,0.0401771563864047,0.00427380791689383,399.1,f9a0423a1d3b0d2395df93743563d971
60903_1,1,2,0.423288810081847,7.12268152742304,0.0401771563864047,0.00427380791689383,399.1,f9a0423a1d3b0d2395df93743563d971
60903_1,1,3,0.423288810081847,7.12268152742304,0.0401771563864047,0.00427380791689383,399.1,f9a0423a1d3b0d2395df93743563d971
60903_1,1,4,0.423288810081847,7.12268152742304,0.0401771563864047,0.00427380791689383,399.1,f9a0423a1d3b0d2395df93743563d971
60903_1,2,1,0.4553778658364,7.66233088027173,0.0453151095195272,0.00459776393999434,399.1,f9a0423a1d3b0d2395df93743563d971
60903_1,2,2,0.470343053173242,7.91454047474133,0.0453151095195272,0.00474899850605876,399.1,f9a0423a1d3b0d2395df93743563d971
60903_1,2,3,0.474620720475654,7.98645610694439,0.0453151095195272,0.00479216375859791,399.1,f9a0423a1d3b0d2395df93743563d971
60903_1,2,4,0.474620720475654,7.98645610694439,0.0453151095195272,0.00479216375859791,399.1,f9a0423a1d3b0d2395df93743563d971
60903_1,3,1,0.41001503859168,6.8993575425172,0.0385238607494255,0.00413979255589712,399.1,f9a0423a1d3b0d2395df93743563d971
60903_1,3,2,0.409940289687009,6.89811530613383,0.0385238607494255,0.00413906481718943,399.1,f9a0423a1d3b0d2395df93743563d971
60903_1,3,3,0.416850452173382,7.01433882994415,0.0385238607494255,0.00420882373884825,399.1,f9a0423a1d3b0d2395df93743563d971
60903_1,3,4,0.412081338417629,6.93412562747995,0.0385238607494255,0.00416067508720908,399.1,f9a0423a1d3b0d2395df93743563d971
60903_1,4,1,0.404384437768187,6.80454589847688,0.0375134215234014,0.00408288346246307,399.1,f9a0423a1d3b0d2395df93743563d971
60903_1,4,2,0.404339465746579,6.80378993780642,0.0375134215234014,0.00408241875760987,399.1,f9a0423a1d3b0d2395df93743563d971
60903_1,4,3,0.40466230964629,6.80921420456721,0.0375134215234014,0.00408575330925058,399.1,f9a0423a1d3b0d2395df93743563d971
60903_1,4,4,0.404384437768187,6.80454589847688,0.0375134215234014,0.00408288346246307,399.1,f9a0423a1d3b0d2395df93743563d971
60903_1,5,1,0.423288810081847,7.12268152742304,0.0401771563864047,0.00427380791689383,399.1,f9a0423a1d3b0d2395df93743563d971
60903_1,5,2,0.423288810081847,7.12268152742304,0.0401771563864047,0.00427380791689383,399.1,f9a0423a1d3b0d2395df93743563d971
60903_1,5,3,0.423288810081847,7.12268152742304,0.0401771563864047,0.00427380791689383,399.1,f9a0423a1d3b0d2395df93743563d971
60903_1,5,4,0.423288810081847,7.12268152742304,0.0401771563864047,0.00427380791689383,399.1,f9a0423a1d3b0d2395df93743563d971
60903_2,1,1,0.420068033440095,7.06846339762202,0.0410076685519969,0.00424128010866932,399.1,f9a0423a1d3b0d2395df93743563d971
60903_2,1,2,0.420068033440095,7.06846339762202,0.0410076685519969,0.00424128010866932,399.1,f9a0423a1d3b0d2395df93743563d971
60903_2,1,3,0.420068033440095,7.06846339762202,0.0410076685519969,0.00424128010866932,399.1,f9a0423a1d3b0d2395df93743563d971
60903_2,1,4,0.420068033440095,7.06846339762202,0.0410076685519969,0.00424128010866932,399.1,f9a0423a1d3b0d2395df93743563d971
60903_2,2,1,0.472631427601098,7.95301204520609,0.0435865990300463,0.00477211531072368,399.1,f9a0423a1d3b0d2395df93743563d971
60903_2,2,2,0.472631427601098,7.95301204520609,0.0442595661400259,0.00477211531072368,399.1,f9a0423a1d3b0d2395df93743563d971
60903_2,2,3,0.472631427601098,7.95301204520609,0.0481088545774817,0.00477211531072368,399.1,f9a0423a1d3b0d2395df93743563d971
60903_2,2,4,0.472631427601098,7.95301204520609,0.0481088545774817,0.00477211531072368,399.1,f9a0423a1d3b0d2395df93743563d971
60903_2,3,1,0.40798111208789,6.86502505522011,0.038322620140802,0.00411923122048764,399.1,f9a0423a1d3b0d2395df93743563d971
60903_2,3,2,0.40798111208789,6.86502505522011,0.0387333758679857,0.00411923122048764,399.1,f9a0423a1d3b0d2395df93743563d971
60903_2,3,3,0.40798111208789,6.86502505522011,0.0387812311646367,0.00411923122048764,399.1,f9a0423a1d3b0d2395df93743563d971
60903_2,3,4,0.40798111208789,6.86502505522011,0.0386865852575256,0.00411923122048764,399.1,f9a0423a1d3b0d2395df93743563d971
60903_2,4,1,0.403021883470981,6.78163412025256,0.0381258881644472,0.0040691292172581,399.1,f9a0423a1d3b0d2395df93743563d971
60903_2,4,2,0.403021883470981,6.78163412025256,0.0382340213460236,0.0040691292172581,399.1,f9a0423a1d3b0d2395df93743563d971
60903_2,4,3,0.403021883470981,6.78163412025256,0.037481518372683,0.0040691292172581,399.1,f9a0423a1d3b0d2395df93743563d971
60903_2,4,4,0.403021883470981,6.78163412025256,0.0381258881644472,0.0040691292172581,399.1,f9a0423a1d3b0d2395df93743563d971
60903_2,5,1,0.420068033440095,7.06846339762202,0.0410076685519969,0.00424128010866932,399.1,f9a0423a1d3b0d2395df93743563d971
60903_2,5,2,0.420068033440095,7.06846339762202,0.0410076685519969,0.00424128010866932,399.1,f9a0423a1d3b0d2395df93743563d971
60903_2,5,3,0.420068033440095,7.06846339762202,0.0410076685519969,0.00424128010866932,399.1,f9a0423a1d3b0d2395df93743563d971
60903_2,5,4,0.420068033440095,7.06846339762202,0.0410076685519969,0.00424128010866932,399.1,f9a0423a1d3b0d2395df93743563d971
6156_NHB1,1,1,0.908530049261084,14.6260413793103,0.91924815889751,0.558547783251232,460,f9a0423a1d3b0d2395df93743563d971
6156_NHB1,1,2,0.823221967707693,13.2483993519191,0.758073076708196,0.480473769484329,460,f9a0423a1d3b0d2395df93743563d971
6156_NHB1,1,3,0.855259759610609,13.7245554782954,0.953442754203363,0.606417006059402,460,f9a0423a1d3b0d2395df93743563d971
6156_NHB1,1,4,0.908530049261084,14.6260413793103,0.91924815889751,0.558547783251232,460,f9a0423a1d3b0d2395df93743563d971
6156_NHB1,2,1,0.722189826089939,9.28082187081947,1.25657736768086,1.77716873049086,460,f9a0423a1d3b0d2395df93743563d971
6156_NHB1,2,2,0.735653767142302,10.9241337701035,0.871344743095018,0.980377531615128,460,f9a0423a1d3b0d2395df93743563d971
6156_NHB1,2,3,0.741385748366352,10.1645576185043,0.955621823462296,1.55393631366041,460,f9a0423a1d3b0d2395df93743563d971
6156_NHB1,2,4,0.734775286877805,10.7268625928871,0.912573101247971,1.08931634495339,460,f9a0423a1d3b0d2395df93743563d971
6156_NHB1,3,1,0.727759106678231,8.99129336513443,1.14121530789245,2.19263226366002,460,f9a0423a1d3b0d2395df93743563d971
6156_NHB1,3,2,0.721087962962963,8.90902116402116,1.14506944444444,2.13717261904762,460,f9a0423a1d3b0d2395df93743563d971
6156_NHB1,3,3,0.726227602630982,8.97222442730778,1.10863858017691,2.15314130188251,460,f9a0423a1d3b0d2395df93743563d971
6156_NHB1,3,4,0.727759106678231,8.99129336513443,1.14121530789245,2.19263226366002,460,f9a0423a1d3b0d2395df93743563d971
6156_NHB1,4,1,0.767927167431474,9.48759089756489,1.3492320410019,2.54616114713523,460,f9a0423a1d3b0d2395df93743563d971
6156_NHB1,4,2,0.773900467735665,9.56135937886589,1.38893162188674,2.57509465166416,460,f9a0423a1d3b0d2395df93743563d971
6156_NHB1,4,3,0.75710489937344,9.35389131254376,1.28803253083428,2.49431967110106,460,f9a0423a1d3b0d2395df93743563d971
6156_NHB1,4,4,0.767927167431474,9.48759089756489,1.3492320410019,2.54616114713523,460,f9a0423a1d3b0d2395df93743563d971
6156_NHB1,5,1,0.751271646515394,9.28188041737978,1.57996006551464,2.58824049025562,460,f9a0423a1d3b0d2395df93743563d971
6156_NHB1,5,2,0.753765927043226,9.31269201762394,1.59017088080022,2.60093180645417,460,f9a0423a1d3b0d2395df93743563d971
6156_NHB1,5,3,0.751271646515394,9.28188041737978,1.57996006551464,2.58824049025562,460,f9a0423a1d3b0d2395df93743563d971
6156_NHB1,5,4,0.751271646515394,9.28188041737978,1.57996006551464,2.58824049025562,460,f9a0423a1d3b0d2395df93743563d971
6156_NHHS2,1,1,0.741341084223334,9.33119507908612,0.112226240021833,0.0071305934838448,60.5,f9a0423a1d3b0d2395df93743563d971
6156_NHHS2,1,2,0.741341084223334,9.33119507908612,0.112226240021833,0.0071305934838448,60.5,f9a0423a1d3b0d2395df93743563d971
6156_NHHS2,1,3,0.741341084223334,9.33119507908612,0.112226240021833,0.0071305934838448,60.5,f9a0423a1d3b0d2395df93743563d971
6156_NHHS2,1,4,0.741341084223334,9.33119507908612,0.112226240021833,0.0071305934838448,60.5,f9a0423a1d3b0d2395df93743563d971
6156_NHHS2,2,1,0.741341084223334,9.33119507908612,0.112226240021833,0.0071305934838448,60.5,f9a0423a1d3b0d2395df93743563d971
6156_NHHS2,2,2,0.741341084223334,9.33119507908612,0.112226240021833,0.0071305934838448,60.5,f9a0423a1d3b0d2395df93743563d971
6156_NHHS2,2,3,0.741341084223334,9.33119507908612,0.112226240021833,0.0071305934838448,60.5,f9a0423a1d3b0d2395df93743563d971
6156_NHHS2,2,4,0.741341084223334,9.33119507908612,0.112226240021833,0.0071305934838448,60.5,f9a0423a1d3b0d2395df93743563d971
6156_NHHS2,3,1,0.741341084223334,9.33119507908612,0.112226240021833,0.0071305934838448,60.5,f9a0423a1d3b0d2395df93743563d971
6156_NHHS2,3,2,0.741341084223334,9.33119507908612,0.112226240021833,0.0071305934838448,60.5,f9a0423a1d3b0d2395df93743563d971
6156_NHHS2,3,3,0.741341084223334,9.33119507908612,0.112226240021833,0.0071305934838448,60.5,f9a0423a1d3b0d2395df93743563d971
6156_NHHS2,3,4,0.741341084223334,9.33119507908612,0.112226240021833,0.0071305934838448,60.5,f9a0423a1d3b0d2395df93743563d971
6156_NHHS2,4,1,0.741341084223334,9.33119507908612,0.112226240021833,0.0071305934838448,60.5,f9a0423a1d3b0d2395df93743563d971
6156_NHHS2,4,2,0.741341084223334,9.33119507908612,0.112226240021833,0.0071305934838448,60.5,f9a0423a1d3b0d2395df93743563d971
6156_NHHS2,4,3,0.741341084223334,9.33119507908612,0.112226240021833,0.0071305934838448,60.5,f9a0423a1d3b0d2395df93743563d971
6156_NHHS2,4,4,0.741341084223334,9.33119507908612,0.112226240021833,0.0071305934838448,60.5,f9a0423a1d3b0d2395df93743563d971
6156_NHHS2,5,1,0.741341084223334,9.33119507908612,0.112226240021833,0.0071305934838448,60.5,f9a0423a1d3b0d2395df93743563d971
6156_NHHS2,5,2,0.741341084223334,9.33119507908612,0.112226240021833,0.0071305934838448,60.5,f9a0423a1d3b0d2395df93743563d971
6156_NHHS2,5,3,0.741341084223334,9.33119507908612,0.112226240021833,0.0071305934838448,60.5,f9a0423a1d3b0d2395df93743563d971
6156_NHHS2,5,4,0.741341084223334,9.33119507908612,0.112226240021833,0.0071305934838448,60.5,f9a0423a1d3b0d2395df93743563d971
6156_NHHS3,1,1,0.745413472070099,9.35766018619934,0.105449069003286,0.00714095016429354,60.5,f9a0423a1d3b0d2395df93743563d971
6156_NHHS3,1,2,0.745413472070099,9.35766018619934,0.105449069003286,0.00714095016429354,60.5,f9a0423a1d3b0d2395df93743563d971
6156_NHHS3,1,3,0.745413472070099,9.35766018619934,0.105449069003286,0.00714095016429354,60.5,f9a0423a1d3b0d2395df93743563d971
6156_NHHS3,1,4,0.745413472070099,9.35766018619934,0.105449069003286,0.00714095016429354,60.5,f9a0423a1d3b0d2395df93743563d971
6156_NHHS3,2,1,0.745413472070099,9.35766018619934,0.105449069003286,0.00714095016429354,60.5,f9a0423a1d3b0d2395df93743563d971
6156_NHHS3,2,2,0.745413472070099,9.35766018619934,0.105449069003286,0.00714095016429354,60.5,f9a0423a1d3b0d2395df93743563d971
6156_NHHS3,2,3,0.745413472070099,9.35766018619934,0.105449069003286,0.00714095016429354,60.5,f9a0423a1d3b0d2395df93743563d971
6156_NHHS3,2,4,0.745413472070099,9.35766018619934,0.105449069003286,0.00714095016429354,60.5,f9a0423a1d3b0d2395df93743563d971
6156_NHHS3,3,1,0.745413472070099,9.35766018619934,0.105449069003286,0.00714095016429354,60.5,f9a0423a1d3b0d2395df93743563d971
6156_NHHS3,3,2,0.745413472070099,9.35766018619934,0.105449069003286,0.00714095016429354,60.5,f9a0423a1d3b0d2395df93743563d971
6156_NHHS3,3,3,0.745413472070099,9.35766018619934,0.105449069003286,0.00714095016429354,60.5,f9a0423a1d3b0d2395df93743563d971
6156_NHHS3,3,4,0.745413472070099,9.35766018619934,0.105449069003286,0.00714095016429354,60.5,f9a0423a1d3b0d2395df93743563d971
6156_NHHS3,4,1,0.745413472070099,9.35766018619934,0.105449069003286,0.00714095016429354,60.5,f9a0423a1d3b0d2395df93743563d971
6156_NHHS3,4,2,0.745413472070099,9.35766018619934,0.105449069003286,0.00714095016429354,60.5,f9a0423a1d3b0d2395df93743563d971
6156_NHHS3,4,3,0.745413472070099,9.35766018619934,0.105449069003286,0.00714095016429354,60.5,f9a0423a1d3b0d2395df93743563d971
6156_NHHS3,4,4,0.745413472070099,9.35766018619934,0.105449069003286,0.00714095016429354,60.5,f9a0423a1d3b0d2395df93743563d971
6156_NHHS3,5,1,0.745413472070099,9.35766018619934,0.105449069003286,0.00714095016429354,60.5,f9a0423a1d3b0d2395df93743563d971
6156_NHHS3,5,2,0.745413472070099,9.35766018619934,0.105449069003286,0.00714095016429354,60.5,f9a0423a1d3b0d2395df93743563d971
6156_NHHS3,5,3,0.745413472070099,9.35766018619934,0.105449069003286,0.00714095016429354,60.5,f9a0423a1d3b0d2395df93743563d971
6156_NHHS3,5,4,0.745413472070099,9.35766018619934,0.105449069003286,0.00714095016429354,60.5,f9a0423a1d3b0d2395df93743563d971
6156_NHHS4,1,1,0.743725308901404,9.38000336219215,0.109713080168776,0.00901353282340086,60.5,f9a0423a1d3b0d2395df93743563d971
6156_NHHS4,1,2,0.743725308901404,9.38000336219215,0.109713080168776,0.00901353282340086,60.5,f9a0423a1d3b0d2395df93743563d971
6156_NHHS4,1,3,0.743725308901404,9.38000336219215,0.109713080168776,0.00901353282340086,60.5,f9a0423a1d3b0d2395df93743563d971
6156_NHHS4,1,4,0.743725308901404,9.38000336219215,0.109713080168776,0.00901353282340086,60.5,f9a0423a1d3b0d2395df93743563d971
6156_NHHS4,2,1,0.743725308901404,9.38000336219215,0.109713080168776,0.00901353282340086,60.5,f9a0423a1d3b0d2395df93743563d971
6156_NHHS4,2,2,0.743725308901404,9.38000336219215,0.109713080168776,0.00901353282340086,60.5,f9a0423a1d3b0d2395df93743563d971
6156_NHHS4,2,3,0.743725308901404,9.38000336219215,0.109713080168776,0.00901353282340086,60.5,f9a0423a1d3b0d2395df93743563d971
6156_NHHS4,2,4,0.743725308901404,9.38000336219215,0.109713080168776,0.00901353282340086,60.5,f9a0423a1d3b0d2395df93743563d971
6156_NHHS4,3,1,0.743725308901404,9.38000336219215,0.109713080168776,0.00901353282340086,60.5,f9a0423a1d3b0d2395df93743563d971
6156_NHHS4,3,2,0.743725308901404,9.38000336219215,0.109713080168776,0.00901353282340086,60.5,f9a0423a1d3b0d2395df93743563d971
6156_NHHS4,3,3,0.743725308901404,9.38000336219215,0.109713080168776,0.00901353282340086,60.5,f9a0423a1d3b0d2395df93743563d971
6156_NHHS4,3,4,0.743725308901404,9.38000336219215,0.109713080168776,0.00901353282340086,60.5,f9a0423a1d3b0d2395df93743563d971
6156_NHHS4,4,1,0.743725308901404,9.38000336219215,0.109713080168776,0.00901353282340086,60.5,f9a0423a1d3b0d2395df93743563d971
6156_NHHS4,4,2,0.743725308901404,9.38000336219215,0.109713080168776,0.00901353282340086,60.5,f9a0423a1d3b0d2395df93743563d971
6156_NHHS4,4,3,0.743725308901404,9.38000336219215,0.109713080168776,0.00901353282340086,60.5,f9a0423a1d3b0d2395df93743563d971
6156_NHHS4,4,4,0.743725308901404,9.38000336219215,0.109713080168776,0.00901353282340086,60.5,f9a0423a1d3b0d2395df93743563d971
6156_NHHS4,5,1,0.743725308901404,9.38000336219215,0.109713080168776,0.00901353282340086,60.5,f9a0423a1d3b0d2395df93743563d971
6156_NHHS4,5,2,0.743725308901404,9.38000336219215,0.109713080168776,0.00901353282340086,60.5,f9a0423a1d3b0d2395df93743563d971
6156_NHHS4,5,3,0.743725308901404,9.38000336219215,0.109713080168776,0.00901353282340086,60.5,f9a0423a1d3b0d2395df93743563d971
6156_NHHS4,5,4,0.743725308901404,9.38000336219215,0.109713080168776,0.00901353282340086,60.5,f9a0423a1d3b0d2395df93743563d971
6635_AP-1,1,1,0.678285803254016,11.2128941017723,0.428942738323736,0.00719827698056413,84,f9a0423a1d3b0d2395df93743563d971
6635_AP-1,1,2,0.678285803254016,11.2128941017723,0.428942738323736,0.00719827698056413,84,f9a0423a1d3b0d2395df93743563d971
6635_AP-1,1,3,0.678285803254016,11.2128941017723,0.428942738323736,0.00719827698056413,84,f9a0423a1d3b0d2395df93743563d971
6635_AP-1,1,4,0.678285803254016,11.2128941017723,0.428942738323736,0.00719827698056413,84,f9a0423a1d3b0d2395df93743563d971
6635_AP-1,2,1,0.678285803254016,11.2128941017723,0.428942738323736,0.00719827698056413,84,f9a0423a1d3b0d2395df93743563d971
6635_AP-1,2,2,0.678285803254016,11.2128941017723,0.428942738323736,0.00719827698056413,84,f9a0423a1d3b0d2395df93743563d971
6635_AP-1,2,3,0.678285803254016,11.2128941017723,0.428942738323736,0.00719827698056413,84,f9a0423a1d3b0d2395df93743563d971
6635_AP-1,2,4,0.678285803254016,11.2128941017723,0.428942738323736,0.00719827698056413,84,f9a0423a1d3b0d2395df93743563d971
6635_AP-1,3,1,0.678285803254016,11.2128941017723,0.428942738323736,0.00719827698056413,84,f9a0423a1d3b0d2395df93743563d971
6635_AP-1,3,2,0.678285803254016,11.2128941017723,0.428942738323736,0.00719827698056413,84,f9a0423a1d3b0d2395df93743563d971
6635_AP-1,3,3,0.678285803254016,11.2128941017723,0.428942738323736,0.00719827698056413,84,f9a0423a1d3b0d2395df93743563d971
6635_AP-1,3,4,0.678285803254016,11.2128941017723,0.428942738323736,0.00719827698056413,84,f9a0423a1d3b0d2395df93743563d971
6635_AP-1,4,1,0.678285803254016,11.2128941017723,0.428942738323736,0.00719827698056413,84,f9a0423a1d3b0d2395df93743563d971
6635_AP-1,4,2,0.678285803254016,11.2128941017723,0.428942738323736,0.00719827698056413,84,f9a0423a1d3b0d2395df93743563d971
6635_AP-1,4,3,0.678285803254016,11.2128941017723,0.428942738323736,0.00719827698056413,84,f9a0423a1d3b0d2395df93743563d971
6635_AP-1,4,4,0.678285803254016,11.2128941017723,0.428942738323736,0.00719827698056413,84,f9a0423a1d3b0d2395df93743563d971
6635_AP-1,5,1,0.678285803254016,11.2128941017723,0.428942738323736,0.00719827698056413,84,f9a0423a1d3b0d2395df93743563d971
6635_AP-1,5,2,0.678285803254016,11.2128941017723,0.428942738323736,0.00719827698056413,84,f9a0423a1d3b0d2395df93743563d971
6635_AP-1,5,3,0.678285803254016,11.2128941017723,0.428942738323736,0.00719827698056413,84,f9a0423a1d3b0d2395df93743563d971
6635_AP-1,5,4,0.678285803254016,11.2128941017723,0.428942738323736,0.00719827698056413,84,f9a0423a1d3b0d2395df93743563d971
8002_1,1,1,1.20025549310169,18.5043178334185,1.61336228921819,2.87040690505549,414,f9a0423a1d3b0d2395df93743563d971
8002_1,1,2,1.15712057401341,17.1961160505381,1.75309624083606,3.6818593043207,414,f9a0423a1d3b0d2395df93743563d971
8002_1,1,3,1.02003839935327,15.8714834276475,1.33697453516572,2.30599232012935,414,f9a0423a1d3b0d2395df93743563d971
8002_1,1,4,1.20025549310169,18.5043178334185,1.61336228921819,2.87040690505549,414,f9a0423a1d3b0d2395df93743563d971
8002_1,2,1,0.845459499628437,11.9929601189002,1.49708942283874,3.36249938072826,414,f9a0423a1d3b0d2395df93743563d971
8002_1,2,2,0.925391590564394,13.1774829778308,1.44371228500436,3.84528396748764,414,f9a0423a1d3b0d2395df93743563d971
8002_1,2,3,0.88471466498436,13.2464737270983,1.39223773098862,2.62475536883856,414,f9a0423a1d3b0d2395df93743563d971
8002_1,2,4,0.904932335724509,12.9838124255436,1.44455471850119,3.56190203306619,414,f9a0423a1d3b0d2395df93743563d971
8002_1,3,1,0.858781728048339,11.6377949405332,2.00906268068613,3.89834046084126,414,f9a0423a1d3b0d2395df93743563d971
8002_1,3,2,0.870179420334305,11.9776179522568,2.03174768696008,3.33807698205797,414,f9a0423a1d3b0d2395df93743563d971
8002_1,3,3,0.858772342762585,12.3242821072453,1.93184548009301,3.13461445491902,414,f9a0423a1d3b0d2395df93743563d971
8002_1,3,4,0.863966089234449,12.0163746934863,1.99417975611915,3.39396314113737,414,f9a0423a1d3b0d2395df93743563d971
8002_1,4,1,0.918174580523051,12.0753432425531,2.89189681220728,4.46518003334785,414,f9a0423a1d3b0d2395df93743563d971
8002_1,4,2,0.907824234354194,12.0041301967747,2.87446874128902,4.2388542683829,414,f9a0423a1d3b0d2395df93743563d971
8002_1,4,3,0.937507274490786,12.2929402798947,2.96652960063088,4.80212415130941,414,f9a0423a1d3b0d2395df93743563d971
8002_1,4,4,0.918174580523051,12.0753432425531,2.89189681220728,4.46518003334785,414,f9a0423a1d3b0d2395df93743563d971
8002_1,5,1,0.965459137515078,12.0785057297949,3.65952704985281,5.66750320416164,414,f9a0423a1d3b0d2395df93743563d971
8002_1,5,2,0.962723688827427,12.0352504695659,3.66643006218813,5.68384383578608,414,f9a0423a1d3b0d2395df93743563d971
8002_1,5,3,0.965459137515078,12.0785057297949,3.65952704985281,5.66750320416164,414,f9a0423a1d3b0d2395df93743563d971
8002_1,5,4,0.965459137515078,12.0785057297949,3.65952704985281,5.66750320416164,414,f9a0423a1d3b0d2395df93743563d971
